2024-12-26 02:26:41, 12
2024-12-26 02:27:57, 11
2024-12-26 02:27:58, 12
2024-12-26 02:27:59, 11
2024-12-26 02:28:49, 12
2024-12-26 02:28:50, 11
2024-12-26 02:28:54, 12
2024-12-26 02:29:08, 11
2024-12-26 02:33:53, 10
2024-12-26 02:34:58, 10
2024-12-26 03:06:07, 8
2024-12-26 06:01:01, 9
2024-12-26 06:01:08, 10
2024-12-26 06:13:31, 11
2024-12-26 06:13:37, 12
2024-12-26 06:13:44, 13
2024-12-26 07:30:14, 14
2024-12-26 07:30:19, 15
2024-12-26 09:07:38, 16
2024-12-26 09:29:44, 17
2024-12-26 09:29:49, 18
2024-12-26 09:29:55, 19
2024-12-26 09:30:01, 20
2024-12-26 09:30:07, 21
2024-12-26 09:30:14, 22
2024-12-26 10:00:19, 23
2024-12-26 10:00:25, 24
2024-12-26 10:00:32, 25
2024-12-26 10:47:34, 26
2024-12-26 10:47:41, 27
2024-12-26 11:01:29, 28
2024-12-26 11:12:19, 29
2024-12-26 11:12:25, 30
2024-12-26 11:12:31, 31
2024-12-26 11:12:37, 32
2024-12-26 11:12:43, 33
2024-12-26 11:12:49, 34
2024-12-26 11:12:56, 35
2024-12-26 11:13:03, 36
2024-12-26 12:42:12, 37
2024-12-26 12:42:17, 38
2024-12-26 13:40:55, 38
2024-12-26 13:45:53, 38
2024-12-26 13:47:41, 38
2024-12-26 13:47:45, 38
2024-12-26 13:47:47, 38
2024-12-26 13:47:55, 38
2024-12-26 13:48:41, 38
2024-12-26 13:52:03, 38
2024-12-26 13:53:23, 38
2024-12-26 14:11:07, 38
2024-12-26 14:11:22, 38
2024-12-26 14:23:06, 39
2024-12-26 14:23:06, 39
2024-12-26 14:23:12, 40
2024-12-26 14:23:12, 40
2024-12-26 14:36:34, 41
2024-12-26 14:36:34, 41
2024-12-26 14:36:41, 42
2024-12-26 14:36:41, 42
2024-12-26 14:53:11, 43
2024-12-26 14:53:11, 43
2024-12-26 14:53:17, 44
2024-12-26 14:53:17, 44
2024-12-26 14:53:23, 45
2024-12-26 14:53:23, 45
2024-12-26 14:53:29, 46
2024-12-26 14:53:29, 46
2024-12-26 14:53:35, 47
2024-12-26 14:53:35, 47
2024-12-26 14:53:42, 48
2024-12-26 14:53:42, 48
2024-12-26 14:53:48, 49
2024-12-26 14:53:48, 49
2024-12-26 14:53:55, 50
2024-12-26 14:53:55, 50
2024-12-26 15:14:52, 51
2024-12-26 15:14:52, 51
2024-12-26 16:16:51, 52
2024-12-26 16:16:51, 52
2024-12-26 16:16:57, 53
2024-12-26 16:16:57, 53
2024-12-26 16:17:04, 54
2024-12-26 16:17:04, 54
2024-12-26 16:20:10, 55
2024-12-26 16:20:10, 55
2024-12-26 16:36:46, 56
2024-12-26 16:36:46, 56
2024-12-26 16:36:52, 57
2024-12-26 16:36:52, 57
2024-12-26 16:36:58, 58
2024-12-26 16:36:58, 58
2024-12-26 16:37:06, 59
2024-12-26 16:37:06, 59
2024-12-26 18:00:57, 60
2024-12-26 18:00:58, 60
2024-12-26 18:28:25, 61
2024-12-26 18:28:25, 61
2024-12-26 18:28:31, 62
2024-12-26 18:28:31, 62
2024-12-26 18:28:38, 63
2024-12-26 18:28:38, 63
2024-12-26 19:06:03, 64
2024-12-26 19:06:03, 64
2024-12-26 19:06:18, 65
2024-12-26 19:06:18, 65
2024-12-26 19:06:18, 64
2024-12-26 19:06:19, 64
2024-12-26 19:06:20, 65
2024-12-26 19:06:20, 65
2024-12-26 19:06:22, 64
2024-12-26 19:06:22, 64
2024-12-26 19:06:22, 65
2024-12-26 19:06:22, 65
2024-12-26 19:09:07, 64
2024-12-26 19:09:07, 64
2024-12-26 19:09:10, 65
2024-12-26 19:09:10, 65
2024-12-26 19:09:12, 64
2024-12-26 19:09:12, 64
2024-12-26 19:09:15, 65
2024-12-26 19:09:15, 65
2024-12-26 19:09:16, 64
2024-12-26 19:09:16, 64
2024-12-26 19:10:28, 63
2024-12-26 19:10:28, 63
2024-12-26 19:14:05, 62
2024-12-26 19:14:05, 62
2024-12-26 19:14:33, 63
2024-12-26 19:14:33, 63
2024-12-26 19:15:27, 62
2024-12-26 19:15:27, 62
2024-12-26 19:15:29, 63
2024-12-26 19:15:29, 63
2024-12-26 19:15:31, 62
2024-12-26 19:15:31, 62
2024-12-26 19:15:32, 63
2024-12-26 19:15:32, 63
2024-12-26 19:15:33, 62
2024-12-26 19:15:33, 62
2024-12-26 19:16:40, 63
2024-12-26 19:16:40, 63
2024-12-26 19:16:41, 62
2024-12-26 19:16:41, 62
2024-12-26 19:16:43, 63
2024-12-26 19:16:43, 63
2024-12-26 19:17:21, 62
2024-12-26 19:17:21, 62
2024-12-26 19:17:22, 63
2024-12-26 19:17:22, 63
2024-12-26 19:17:25, 62
2024-12-26 19:17:25, 62
2024-12-26 19:17:27, 63
2024-12-26 19:17:27, 63
2024-12-26 19:17:28, 62
2024-12-26 19:17:28, 62
2024-12-26 19:17:53, 63
2024-12-26 19:17:53, 63
2024-12-26 19:17:55, 62
2024-12-26 19:17:55, 62
2024-12-26 19:17:59, 63
2024-12-26 19:17:59, 63
2024-12-26 19:18:00, 62
2024-12-26 19:18:00, 62
2024-12-26 19:18:01, 63
2024-12-26 19:18:01, 63
2024-12-26 19:18:03, 62
2024-12-26 19:18:03, 62
2024-12-26 19:18:04, 63
2024-12-26 19:18:04, 63
2024-12-26 19:19:04, 62
2024-12-26 19:19:04, 62
2024-12-26 19:19:05, 63
2024-12-26 19:19:05, 63
2024-12-26 19:19:10, 62
2024-12-26 19:19:11, 62
2024-12-26 19:19:12, 63
2024-12-26 19:19:12, 63
2024-12-26 19:20:13, 62
2024-12-26 19:20:13, 62
2024-12-26 19:25:44, 61
2024-12-26 19:25:44, 61
2024-12-26 19:31:09, 60
2024-12-26 19:31:09, 60
2024-12-26 19:31:11, 61
2024-12-26 19:31:11, 61
2024-12-26 19:31:12, 60
2024-12-26 19:31:12, 60
2024-12-26 19:35:33, 59
2024-12-26 19:35:33, 59
2024-12-26 19:35:34, 60
2024-12-26 19:35:34, 60
2024-12-26 19:35:35, 59
2024-12-26 19:35:35, 59
2024-12-26 19:35:36, 60
2024-12-26 19:35:36, 60
2024-12-26 19:35:37, 59
2024-12-26 19:35:37, 59
2024-12-26 19:35:40, 60
2024-12-26 19:35:40, 60
2024-12-26 19:35:41, 59
2024-12-26 19:35:41, 59
2024-12-26 19:35:42, 60
2024-12-26 19:35:42, 60
2024-12-26 19:35:44, 59
2024-12-26 19:35:44, 59
2024-12-26 19:35:45, 60
2024-12-26 19:35:45, 60
2024-12-26 19:35:48, 59
2024-12-26 19:35:48, 59
2024-12-26 19:35:49, 60
2024-12-26 19:35:49, 60
2024-12-26 19:36:40, 59
2024-12-26 19:36:40, 59
2024-12-26 19:41:10, 58
2024-12-26 19:41:10, 58
2024-12-26 19:41:11, 59
2024-12-26 19:41:11, 59
2024-12-26 19:41:12, 58
2024-12-26 19:41:12, 58
2024-12-26 19:41:14, 59
2024-12-26 19:41:14, 59
2024-12-26 19:41:16, 58
2024-12-26 19:41:16, 58
2024-12-26 19:41:17, 59
2024-12-26 19:41:17, 59
2024-12-26 19:42:23, 58
2024-12-26 19:42:23, 58
2024-12-26 19:42:24, 59
2024-12-26 19:42:24, 59
2024-12-26 19:42:25, 58
2024-12-26 19:42:25, 58
2024-12-26 19:45:43, 59
2024-12-26 19:45:43, 59
2024-12-26 19:45:50, 60
2024-12-26 19:45:50, 60
2024-12-26 19:45:56, 61
2024-12-26 19:45:56, 61
2024-12-26 19:48:43, 62
2024-12-26 19:48:43, 62
2024-12-26 19:48:50, 63
2024-12-26 19:48:50, 63
2024-12-26 19:49:25, 64
2024-12-26 19:49:25, 64
2024-12-26 19:49:26, 63
2024-12-26 19:49:26, 63
2024-12-26 19:49:30, 64
2024-12-26 19:49:30, 64
2024-12-26 19:49:31, 63
2024-12-26 19:49:31, 63
2024-12-26 19:49:33, 64
2024-12-26 19:49:33, 64
2024-12-26 19:49:35, 63
2024-12-26 19:49:35, 63
2024-12-26 19:53:56, 62
2024-12-26 19:53:57, 62
2024-12-26 19:59:27, 61
2024-12-26 19:59:27, 61
2024-12-26 20:03:43, 60
2024-12-26 20:03:43, 60
2024-12-26 20:03:45, 61
2024-12-26 20:03:45, 61
2024-12-26 20:04:54, 60
2024-12-26 20:04:54, 60
2024-12-26 20:08:54, 59
2024-12-26 20:08:54, 59
2024-12-26 20:08:55, 60
2024-12-26 20:08:55, 60
2024-12-26 20:08:56, 59
2024-12-26 20:08:56, 59
2024-12-26 20:08:57, 60
2024-12-26 20:08:57, 60
2024-12-26 20:08:58, 59
2024-12-26 20:08:58, 59
2024-12-26 20:08:59, 60
2024-12-26 20:08:59, 60
2024-12-26 20:09:00, 59
2024-12-26 20:09:00, 59
2024-12-26 20:09:42, 60
2024-12-26 20:09:42, 60
2024-12-26 20:09:47, 59
2024-12-26 20:09:47, 59
2024-12-26 20:09:47, 60
2024-12-26 20:09:47, 60
2024-12-26 20:10:14, 59
2024-12-26 20:10:14, 59
2024-12-26 20:10:15, 60
2024-12-26 20:10:15, 60
2024-12-26 20:10:38, 59
2024-12-26 20:10:39, 59
2024-12-26 20:14:30, 58
2024-12-26 20:14:30, 58
2024-12-26 20:14:55, 59
2024-12-26 20:14:55, 59
2024-12-26 20:15:45, 58
2024-12-26 20:15:45, 58
2024-12-26 20:20:11, 57
2024-12-26 20:20:11, 57
2024-12-26 20:25:32, 56
2024-12-26 20:25:32, 56
2024-12-26 20:29:38, 55
2024-12-26 20:29:39, 55
2024-12-26 20:29:40, 56
2024-12-26 20:29:40, 56
2024-12-26 20:29:43, 55
2024-12-26 20:29:43, 55
2024-12-26 20:30:10, 56
2024-12-26 20:30:10, 56
2024-12-26 20:31:00, 55
2024-12-26 20:31:00, 55
2024-12-26 20:35:07, 54
2024-12-26 20:35:07, 54
2024-12-26 20:40:36, 53
2024-12-26 20:40:37, 53
2024-12-26 20:40:37, 54
2024-12-26 20:40:38, 54
2024-12-26 20:40:40, 53
2024-12-26 20:40:40, 53
2024-12-26 20:40:41, 54
2024-12-26 20:40:41, 54
2024-12-26 20:40:41, 53
2024-12-26 20:40:42, 53
2024-12-26 20:41:49, 54
2024-12-26 20:41:49, 54
2024-12-26 20:44:22, 53
2024-12-26 20:44:22, 53
2024-12-26 20:48:21, 52
2024-12-26 20:48:21, 52
2024-12-26 20:48:22, 53
2024-12-26 20:48:22, 53
2024-12-26 20:49:52, 52
2024-12-26 20:49:52, 52
2024-12-26 20:49:52, 53
2024-12-26 20:49:52, 53
2024-12-26 20:49:53, 52
2024-12-26 20:49:53, 52
2024-12-26 20:50:14, 53
2024-12-26 20:50:14, 53
2024-12-26 20:50:45, 54
2024-12-26 20:50:45, 54
2024-12-26 20:50:46, 53
2024-12-26 20:50:46, 53
2024-12-26 20:50:47, 54
2024-12-26 20:50:47, 54
2024-12-26 20:51:29, 53
2024-12-26 20:51:29, 53
2024-12-26 20:55:30, 52
2024-12-26 20:55:30, 52
2024-12-26 20:56:40, 53
2024-12-26 20:56:40, 53
2024-12-26 20:56:42, 52
2024-12-26 20:56:42, 52
2024-12-26 20:56:43, 53
2024-12-26 20:56:43, 53
2024-12-26 20:56:44, 52
2024-12-26 20:56:44, 52
2024-12-26 20:59:33, 51
2024-12-26 20:59:33, 51
2024-12-26 20:59:34, 52
2024-12-26 20:59:34, 52
2024-12-26 20:59:36, 51
2024-12-26 20:59:36, 51
2024-12-26 20:59:38, 52
2024-12-26 20:59:38, 52
2024-12-26 20:59:42, 51
2024-12-26 20:59:42, 51
2024-12-26 20:59:44, 52
2024-12-26 20:59:44, 52
2024-12-26 20:59:44, 51
2024-12-26 20:59:44, 51
2024-12-26 20:59:45, 52
2024-12-26 20:59:45, 52
2024-12-26 21:00:47, 51
2024-12-26 21:00:48, 51
2024-12-26 21:00:49, 52
2024-12-26 21:00:49, 52
2024-12-26 21:00:58, 51
2024-12-26 21:00:59, 51
2024-12-26 21:00:59, 52
2024-12-26 21:01:00, 52
2024-12-26 21:01:01, 51
2024-12-26 21:01:01, 51
2024-12-26 21:05:13, 50
2024-12-26 21:05:13, 50
2024-12-26 21:05:15, 51
2024-12-26 21:05:15, 51
2024-12-26 21:05:29, 50
2024-12-26 21:05:29, 50
2024-12-26 21:05:30, 51
2024-12-26 21:05:30, 51
2024-12-26 21:05:30, 50
2024-12-26 21:05:31, 50
2024-12-26 21:05:31, 51
2024-12-26 21:05:31, 51
2024-12-26 21:05:32, 50
2024-12-26 21:05:33, 50
2024-12-26 21:11:07, 49
2024-12-26 21:11:07, 49
2024-12-26 21:15:22, 48
2024-12-26 21:15:22, 48
2024-12-26 21:15:23, 49
2024-12-26 21:15:23, 49
2024-12-26 21:15:24, 48
2024-12-26 21:15:24, 48
2024-12-26 21:15:25, 49
2024-12-26 21:15:25, 49
2024-12-26 21:15:26, 48
2024-12-26 21:15:26, 48
2024-12-26 21:15:29, 49
2024-12-26 21:15:29, 49
2024-12-26 21:15:34, 48
2024-12-26 21:15:34, 48
2024-12-26 21:15:34, 49
2024-12-26 21:15:34, 49
2024-12-26 21:16:26, 48
2024-12-26 21:16:26, 48
2024-12-26 21:17:43, 49
2024-12-26 21:17:43, 49
2024-12-26 21:17:48, 50
2024-12-26 21:17:49, 50
2024-12-26 21:17:55, 51
2024-12-26 21:17:55, 51
2024-12-26 21:18:02, 52
2024-12-26 21:18:02, 52
2024-12-26 21:18:08, 53
2024-12-26 21:18:08, 53
2024-12-26 21:18:15, 54
2024-12-26 21:18:15, 54
2024-12-26 21:21:10, 53
2024-12-26 21:21:10, 53
2024-12-26 21:21:17, 54
2024-12-26 21:21:17, 54
2024-12-26 21:21:18, 53
2024-12-26 21:21:18, 53
2024-12-26 21:21:19, 54
2024-12-26 21:21:19, 54
2024-12-26 21:21:19, 53
2024-12-26 21:21:19, 53
2024-12-26 21:21:24, 54
2024-12-26 21:21:24, 54
2024-12-26 21:21:24, 53
2024-12-26 21:21:24, 53
2024-12-26 21:21:41, 54
2024-12-26 21:21:41, 54
2024-12-26 21:21:41, 53
2024-12-26 21:21:41, 53
2024-12-26 21:21:43, 54
2024-12-26 21:21:43, 54
2024-12-26 21:21:48, 53
2024-12-26 21:21:48, 53
2024-12-26 21:21:51, 54
2024-12-26 21:21:51, 54
2024-12-26 21:22:12, 53
2024-12-26 21:22:12, 53
2024-12-26 21:22:13, 54
2024-12-26 21:22:13, 54
2024-12-26 21:22:14, 53
2024-12-26 21:22:14, 53
2024-12-26 21:26:23, 52
2024-12-26 21:26:23, 52
2024-12-26 21:26:24, 53
2024-12-26 21:26:24, 53
2024-12-26 21:26:25, 52
2024-12-26 21:26:25, 52
2024-12-26 21:26:26, 53
2024-12-26 21:26:26, 53
2024-12-26 21:26:27, 52
2024-12-26 21:26:27, 52
2024-12-26 21:27:06, 53
2024-12-26 21:27:06, 53
2024-12-26 21:27:06, 52
2024-12-26 21:27:06, 52
2024-12-26 21:27:08, 53
2024-12-26 21:27:08, 53
2024-12-26 21:27:08, 52
2024-12-26 21:27:08, 52
2024-12-26 21:27:12, 53
2024-12-26 21:27:12, 53
2024-12-26 21:27:42, 52
2024-12-26 21:27:42, 52
2024-12-26 21:30:18, 51
2024-12-26 21:30:18, 51
2024-12-26 21:30:20, 52
2024-12-26 21:30:20, 52
2024-12-26 21:30:22, 51
2024-12-26 21:30:22, 51
2024-12-26 21:30:23, 52
2024-12-26 21:30:23, 52
2024-12-26 21:30:30, 51
2024-12-26 21:30:30, 51
2024-12-26 21:30:31, 52
2024-12-26 21:30:31, 52
2024-12-26 21:30:46, 51
2024-12-26 21:30:46, 51
2024-12-26 21:30:46, 52
2024-12-26 21:30:46, 52
2024-12-26 21:30:55, 51
2024-12-26 21:30:55, 51
2024-12-26 21:30:57, 52
2024-12-26 21:30:57, 52
2024-12-26 21:31:01, 51
2024-12-26 21:31:01, 51
2024-12-26 21:31:07, 52
2024-12-26 21:31:07, 52
2024-12-26 21:31:10, 51
2024-12-26 21:31:10, 51
2024-12-26 21:31:19, 52
2024-12-26 21:31:20, 52
2024-12-26 21:31:21, 51
2024-12-26 21:31:21, 51
2024-12-26 21:31:22, 52
2024-12-26 21:31:22, 52
2024-12-26 21:31:23, 51
2024-12-26 21:31:23, 51
2024-12-26 21:31:28, 52
2024-12-26 21:31:28, 52
2024-12-26 21:31:32, 51
2024-12-26 21:31:32, 51
2024-12-26 21:31:34, 52
2024-12-26 21:31:34, 52
2024-12-26 21:31:57, 51
2024-12-26 21:31:57, 51
2024-12-26 21:31:58, 52
2024-12-26 21:31:58, 52
2024-12-26 21:31:58, 51
2024-12-26 21:31:59, 51
2024-12-26 21:36:25, 50
2024-12-26 21:36:25, 50
2024-12-26 21:36:27, 51
2024-12-26 21:36:27, 51
2024-12-26 21:36:30, 50
2024-12-26 21:36:30, 50
2024-12-26 21:36:30, 51
2024-12-26 21:36:31, 51
2024-12-26 21:36:32, 50
2024-12-26 21:36:32, 50
2024-12-26 21:36:33, 51
2024-12-26 21:36:33, 51
2024-12-26 21:36:35, 50
2024-12-26 21:36:35, 50
2024-12-26 21:36:38, 51
2024-12-26 21:36:38, 51
2024-12-26 21:36:38, 50
2024-12-26 21:36:38, 50
2024-12-26 21:36:40, 51
2024-12-26 21:36:40, 51
2024-12-26 21:37:32, 50
2024-12-26 21:37:32, 50
2024-12-26 21:37:34, 51
2024-12-26 21:37:34, 51
2024-12-26 21:37:36, 50
2024-12-26 21:37:36, 50
2024-12-26 21:41:35, 49
2024-12-26 21:41:35, 49
2024-12-26 21:41:36, 50
2024-12-26 21:41:36, 50
2024-12-26 21:41:37, 49
2024-12-26 21:41:37, 49
2024-12-26 21:42:06, 50
2024-12-26 21:42:06, 50
2024-12-26 21:42:08, 49
2024-12-26 21:42:08, 49
2024-12-26 21:42:09, 50
2024-12-26 21:42:09, 50
2024-12-26 21:42:57, 49
2024-12-26 21:42:57, 49
2024-12-26 21:46:49, 48
2024-12-26 21:46:49, 48
2024-12-26 21:51:46, 47
2024-12-26 21:51:46, 47
2024-12-26 21:51:47, 48
2024-12-26 21:51:47, 48
2024-12-26 21:51:48, 47
2024-12-26 21:51:48, 47
2024-12-26 21:51:49, 48
2024-12-26 21:51:49, 48
2024-12-26 21:51:51, 47
2024-12-26 21:51:51, 47
2024-12-26 21:52:02, 48
2024-12-26 21:52:02, 48
2024-12-26 21:52:04, 47
2024-12-26 21:52:04, 47
2024-12-26 21:52:06, 48
2024-12-26 21:52:06, 48
2024-12-26 21:52:09, 47
2024-12-26 21:52:09, 47
2024-12-26 21:52:09, 48
2024-12-26 21:52:09, 48
2024-12-26 21:52:55, 47
2024-12-26 21:52:55, 47
2024-12-26 21:56:42, 46
2024-12-26 21:56:42, 46
2024-12-26 21:56:42, 47
2024-12-26 21:56:42, 47
2024-12-26 21:56:46, 46
2024-12-26 21:56:46, 46
2024-12-26 21:56:47, 47
2024-12-26 21:56:47, 47
2024-12-26 21:56:55, 46
2024-12-26 21:56:55, 46
2024-12-26 21:56:56, 47
2024-12-26 21:56:56, 47
2024-12-26 21:56:57, 46
2024-12-26 21:56:58, 46
2024-12-26 22:02:21, 45
2024-12-26 22:02:21, 45
2024-12-26 22:07:25, 44
2024-12-26 22:07:25, 44
2024-12-26 22:11:52, 43
2024-12-26 22:11:52, 43
2024-12-26 22:11:58, 44
2024-12-26 22:11:58, 44
2024-12-26 22:11:59, 43
2024-12-26 22:11:59, 43
2024-12-26 22:17:30, 42
2024-12-26 22:17:30, 42
2024-12-26 22:17:33, 43
2024-12-26 22:17:33, 43
2024-12-26 22:17:39, 42
2024-12-26 22:17:39, 42
2024-12-26 22:17:40, 43
2024-12-26 22:17:40, 43
2024-12-26 22:17:42, 42
2024-12-26 22:17:42, 42
2024-12-26 22:17:44, 43
2024-12-26 22:17:44, 43
2024-12-26 22:17:44, 42
2024-12-26 22:17:45, 42
2024-12-26 22:17:46, 43
2024-12-26 22:17:46, 43
2024-12-26 22:17:47, 42
2024-12-26 22:17:47, 42
2024-12-26 22:17:49, 43
2024-12-26 22:17:49, 43
2024-12-26 22:17:50, 42
2024-12-26 22:17:50, 42
2024-12-26 22:17:51, 43
2024-12-26 22:17:51, 43
2024-12-26 22:17:52, 42
2024-12-26 22:17:52, 42
2024-12-26 22:20:23, 43
2024-12-26 22:20:23, 43
2024-12-26 22:20:30, 44
2024-12-26 22:20:30, 44
2024-12-26 22:22:27, 43
2024-12-26 22:22:27, 43
2024-12-26 22:22:30, 44
2024-12-26 22:22:30, 44
2024-12-26 22:22:31, 43
2024-12-26 22:22:31, 43
2024-12-26 22:23:08, 44
2024-12-26 22:23:08, 44
2024-12-26 22:23:08, 43
2024-12-26 22:23:08, 43
2024-12-26 22:23:13, 44
2024-12-26 22:23:13, 44
2024-12-26 22:23:13, 43
2024-12-26 22:23:14, 43
2024-12-26 22:23:14, 44
2024-12-26 22:23:14, 44
2024-12-26 22:23:49, 43
2024-12-26 22:23:49, 43
2024-12-26 22:27:41, 42
2024-12-26 22:27:41, 42
2024-12-26 22:27:42, 43
2024-12-26 22:27:42, 43
2024-12-26 22:27:44, 42
2024-12-26 22:27:44, 42
2024-12-26 22:33:22, 42
2024-12-26 22:33:22, 42
2024-12-26 22:33:25, 41
2024-12-26 22:33:25, 41
2024-12-26 22:37:51, 40
2024-12-26 22:37:51, 40
2024-12-26 22:37:53, 41
2024-12-26 22:37:53, 41
2024-12-26 22:38:56, 40
2024-12-26 22:38:57, 40
2024-12-26 22:43:05, 39
2024-12-26 22:43:06, 39
2024-12-26 22:43:07, 40
2024-12-26 22:43:07, 40
2024-12-26 22:43:07, 39
2024-12-26 22:43:07, 39
2024-12-26 22:43:09, 40
2024-12-26 22:43:10, 40
2024-12-26 22:43:12, 39
2024-12-26 22:43:12, 39
2024-12-26 22:43:14, 40
2024-12-26 22:43:14, 40
2024-12-26 22:43:16, 39
2024-12-26 22:43:16, 39
2024-12-26 22:48:37, 38
2024-12-26 22:48:37, 38
2024-12-26 22:48:39, 39
2024-12-26 22:48:39, 39
2024-12-26 22:48:42, 38
2024-12-26 22:48:42, 38
2024-12-26 22:52:44, 37
2024-12-26 22:52:44, 37
2024-12-26 22:52:45, 38
2024-12-26 22:52:45, 38
2024-12-26 22:52:50, 37
2024-12-26 22:52:50, 37
2024-12-26 22:52:53, 38
2024-12-26 22:52:53, 38
2024-12-26 22:52:54, 37
2024-12-26 22:52:54, 37
2024-12-26 22:52:55, 38
2024-12-26 22:52:55, 38
2024-12-26 22:52:57, 37
2024-12-26 22:52:57, 37
2024-12-26 22:52:59, 38
2024-12-26 22:52:59, 38
2024-12-26 22:53:00, 37
2024-12-26 22:53:00, 37
2024-12-26 22:53:09, 38
2024-12-26 22:53:09, 38
2024-12-26 22:53:12, 37
2024-12-26 22:53:12, 37
2024-12-26 22:53:14, 38
2024-12-26 22:53:14, 38
2024-12-26 22:54:04, 37
2024-12-26 22:54:04, 37
2024-12-26 22:58:16, 36
2024-12-26 22:58:16, 36
2024-12-26 22:59:13, 37
2024-12-26 22:59:13, 37
2024-12-26 22:59:34, 36
2024-12-26 22:59:34, 36
2024-12-26 22:59:40, 37
2024-12-26 22:59:40, 37
2024-12-26 22:59:42, 36
2024-12-26 22:59:42, 36
2024-12-26 23:03:48, 35
2024-12-26 23:03:48, 35
2024-12-26 23:07:55, 34
2024-12-26 23:07:55, 34
2024-12-26 23:07:59, 35
2024-12-26 23:07:59, 35
2024-12-26 23:07:59, 34
2024-12-26 23:07:59, 34
2024-12-26 23:14:10, 33
2024-12-26 23:14:10, 33
2024-12-26 23:18:45, 32
2024-12-26 23:18:45, 32
2024-12-26 23:19:26, 33
2024-12-26 23:19:26, 33
2024-12-26 23:19:27, 32
2024-12-26 23:19:27, 32
2024-12-26 23:19:40, 33
2024-12-26 23:19:40, 33
2024-12-26 23:19:41, 32
2024-12-26 23:19:41, 32
2024-12-26 23:19:53, 33
2024-12-26 23:19:53, 33
2024-12-26 23:19:54, 32
2024-12-26 23:19:54, 32
2024-12-26 23:19:56, 33
2024-12-26 23:19:56, 33
2024-12-26 23:19:57, 32
2024-12-26 23:19:57, 32
2024-12-26 23:23:18, 31
2024-12-26 23:23:18, 31
2024-12-26 23:23:20, 32
2024-12-26 23:23:20, 32
2024-12-26 23:23:23, 31
2024-12-26 23:23:23, 31
2024-12-26 23:28:37, 30
2024-12-26 23:28:37, 30
2024-12-26 23:29:26, 31
2024-12-26 23:29:26, 31
2024-12-26 23:29:26, 30
2024-12-26 23:29:26, 30
2024-12-26 23:29:33, 31
2024-12-26 23:29:33, 31
2024-12-26 23:29:34, 30
2024-12-26 23:29:35, 30
2024-12-26 23:29:37, 31
2024-12-26 23:29:38, 31
2024-12-26 23:29:49, 30
2024-12-26 23:29:49, 30
2024-12-26 23:29:50, 31
2024-12-26 23:29:50, 31
2024-12-26 23:29:51, 30
2024-12-26 23:29:52, 30
2024-12-26 23:29:58, 31
2024-12-26 23:29:58, 31
2024-12-26 23:29:58, 30
2024-12-26 23:29:59, 30
2024-12-26 23:33:16, 29
2024-12-26 23:33:16, 29
2024-12-26 23:33:17, 30
2024-12-26 23:33:17, 30
2024-12-26 23:33:23, 29
2024-12-26 23:33:23, 29
2024-12-26 23:33:25, 30
2024-12-26 23:33:25, 30
2024-12-26 23:33:33, 29
2024-12-26 23:33:33, 29
2024-12-26 23:33:34, 30
2024-12-26 23:33:34, 30
2024-12-26 23:33:36, 29
2024-12-26 23:33:36, 29
2024-12-26 23:33:36, 30
2024-12-26 23:33:36, 30
2024-12-26 23:33:38, 29
2024-12-26 23:33:38, 29
2024-12-26 23:33:41, 30
2024-12-26 23:33:41, 30
2024-12-26 23:33:43, 29
2024-12-26 23:33:43, 29
2024-12-26 23:38:43, 28
2024-12-26 23:38:43, 28
2024-12-26 23:44:21, 27
2024-12-26 23:44:21, 27
2024-12-26 23:49:06, 26
2024-12-26 23:49:06, 26
2024-12-26 23:49:08, 27
2024-12-26 23:49:08, 27
2024-12-26 23:49:57, 26
2024-12-26 23:49:57, 26
2024-12-26 23:54:11, 25
2024-12-26 23:54:11, 25
2024-12-26 23:58:51, 24
2024-12-26 23:58:51, 24
2024-12-27 00:04:06, 23
2024-12-27 00:04:06, 23
2024-12-27 00:09:01, 22
2024-12-27 00:09:01, 22
2024-12-27 00:09:01, 23
2024-12-27 00:09:01, 23
2024-12-27 00:09:02, 22
2024-12-27 00:09:02, 22
2024-12-27 00:09:03, 23
2024-12-27 00:09:03, 23
2024-12-27 00:09:05, 22
2024-12-27 00:09:05, 22
2024-12-27 00:09:07, 23
2024-12-27 00:09:07, 23
2024-12-27 00:09:11, 22
2024-12-27 00:09:11, 22
2024-12-27 00:09:11, 23
2024-12-27 00:09:11, 23
2024-12-27 00:09:13, 22
2024-12-27 00:09:13, 22
2024-12-27 00:09:13, 23
2024-12-27 00:09:13, 23
2024-12-27 00:09:14, 22
2024-12-27 00:09:14, 22
2024-12-27 00:09:17, 23
2024-12-27 00:09:17, 23
2024-12-27 00:09:17, 22
2024-12-27 00:09:17, 22
2024-12-27 00:09:23, 23
2024-12-27 00:09:23, 23
2024-12-27 00:09:26, 22
2024-12-27 00:09:26, 22
2024-12-27 00:09:28, 23
2024-12-27 00:09:28, 23
2024-12-27 00:09:29, 22
2024-12-27 00:09:29, 22
2024-12-27 00:14:13, 21
2024-12-27 00:14:13, 21
2024-12-27 00:14:13, 22
2024-12-27 00:14:14, 22
2024-12-27 00:14:16, 21
2024-12-27 00:14:16, 21
2024-12-27 00:14:18, 22
2024-12-27 00:14:18, 22
2024-12-27 00:14:19, 21
2024-12-27 00:14:19, 21
2024-12-27 00:15:46, 22
2024-12-27 00:15:46, 22
2024-12-27 00:16:00, 23
2024-12-27 00:16:00, 23
2024-12-27 00:16:08, 24
2024-12-27 00:16:08, 24
2024-12-27 00:16:16, 25
2024-12-27 00:16:16, 25
2024-12-27 00:16:23, 26
2024-12-27 00:16:23, 26
2024-12-27 00:16:30, 27
2024-12-27 00:16:30, 27
2024-12-27 00:16:36, 28
2024-12-27 00:16:36, 28
2024-12-27 00:16:41, 29
2024-12-27 00:16:41, 29
2024-12-27 00:16:47, 30
2024-12-27 00:16:47, 30
2024-12-27 00:16:51, 31
2024-12-27 00:16:52, 31
2024-12-27 00:16:56, 32
2024-12-27 00:16:57, 32
2024-12-27 00:17:03, 33
2024-12-27 00:17:03, 33
2024-12-27 00:17:06, 34
2024-12-27 00:17:06, 34
2024-12-27 00:17:11, 35
2024-12-27 00:17:11, 35
2024-12-27 00:17:15, 36
2024-12-27 00:17:16, 36
2024-12-27 00:17:21, 37
2024-12-27 00:17:21, 37
2024-12-27 00:17:24, 38
2024-12-27 00:17:24, 38
2024-12-27 00:17:28, 39
2024-12-27 00:17:28, 39
2024-12-27 00:17:33, 40
2024-12-27 00:17:33, 40
2024-12-27 00:17:37, 41
2024-12-27 00:17:37, 41
2024-12-27 00:17:41, 42
2024-12-27 00:17:41, 42
2024-12-27 00:17:47, 43
2024-12-27 00:17:47, 43
2024-12-27 00:17:51, 44
2024-12-27 00:17:51, 44
2024-12-27 00:17:54, 45
2024-12-27 00:17:54, 45
2024-12-27 00:22:57, 44
2024-12-27 00:22:57, 44
2024-12-27 00:22:58, 45
2024-12-27 00:22:58, 45
2024-12-27 00:23:00, 44
2024-12-27 00:23:00, 44
2024-12-27 00:23:41, 45
2024-12-27 00:23:41, 45
2024-12-27 00:24:11, 44
2024-12-27 00:24:11, 44
2024-12-27 00:28:17, 43
2024-12-27 00:28:17, 43
2024-12-27 00:33:45, 42
2024-12-27 00:33:45, 42
2024-12-27 00:37:48, 41
2024-12-27 00:37:48, 41
2024-12-27 00:37:49, 42
2024-12-27 00:37:49, 42
2024-12-27 00:37:53, 41
2024-12-27 00:37:53, 41
2024-12-27 00:37:56, 42
2024-12-27 00:37:56, 42
2024-12-27 00:37:56, 41
2024-12-27 00:37:57, 41
2024-12-27 00:37:57, 42
2024-12-27 00:37:57, 42
2024-12-27 00:37:59, 41
2024-12-27 00:37:59, 41
2024-12-27 00:37:59, 42
2024-12-27 00:37:59, 42
2024-12-27 00:38:01, 41
2024-12-27 00:38:01, 41
2024-12-27 00:38:03, 42
2024-12-27 00:38:03, 42
2024-12-27 00:38:58, 41
2024-12-27 00:38:58, 41
2024-12-27 00:43:38, 40
2024-12-27 00:43:38, 40
2024-12-27 00:43:48, 41
2024-12-27 00:43:49, 41
2024-12-27 00:44:11, 40
2024-12-27 00:44:11, 40
2024-12-27 00:44:12, 41
2024-12-27 00:44:12, 41
2024-12-27 00:44:15, 40
2024-12-27 00:44:15, 40
2024-12-27 16:00:56, 24
2024-12-27 16:00:56, 24
2024-12-27 16:01:07, 57
2024-12-27 16:01:07, 57
2024-12-27 16:02:35, 56
2024-12-27 16:02:35, 56
2024-12-27 16:04:47, 57
2024-12-27 16:04:47, 57
2024-12-27 16:04:54, 58
2024-12-27 16:04:54, 58
2024-12-27 16:04:56, 57
2024-12-27 16:04:56, 57
2024-12-27 16:04:57, 58
2024-12-27 16:04:57, 58
2024-12-27 16:04:58, 57
2024-12-27 16:04:58, 57
2024-12-27 16:09:58, 58
2024-12-27 16:09:58, 58
2024-12-27 16:10:05, 59
2024-12-27 16:10:05, 59
2024-12-27 16:10:06, 58
2024-12-27 16:10:06, 58
2024-12-27 16:10:51, 59
2024-12-27 16:10:51, 59
2024-12-27 16:10:52, 58
2024-12-27 16:10:52, 58
2024-12-27 16:10:53, 59
2024-12-27 16:10:53, 59
2024-12-27 16:11:25, 58
2024-12-27 16:11:25, 58
2024-12-27 16:15:36, 57
2024-12-27 16:15:36, 57
2024-12-27 16:15:40, 58
2024-12-27 16:15:40, 58
2024-12-27 16:15:41, 57
2024-12-27 16:15:41, 57
2024-12-27 16:20:41, 56
2024-12-27 16:20:41, 56
2024-12-27 16:20:42, 57
2024-12-27 16:20:42, 57
2024-12-27 16:20:43, 56
2024-12-27 16:20:43, 56
2024-12-27 16:25:18, 55
2024-12-27 16:25:18, 55
2024-12-27 16:25:19, 56
2024-12-27 16:25:19, 56
2024-12-27 16:25:52, 55
2024-12-27 16:25:52, 55
2024-12-27 16:25:53, 56
2024-12-27 16:25:53, 56
2024-12-27 16:25:54, 55
2024-12-27 16:25:54, 55
2024-12-27 16:25:58, 56
2024-12-27 16:25:58, 56
2024-12-27 16:26:00, 55
2024-12-27 16:26:00, 55
2024-12-27 16:26:02, 56
2024-12-27 16:26:02, 56
2024-12-27 16:26:03, 55
2024-12-27 16:26:03, 55
2024-12-27 16:26:04, 56
2024-12-27 16:26:04, 56
2024-12-27 16:26:06, 55
2024-12-27 16:26:06, 55
2024-12-27 16:26:07, 56
2024-12-27 16:26:07, 56
2024-12-27 16:26:11, 55
2024-12-27 16:26:11, 55
2024-12-27 16:26:12, 56
2024-12-27 16:26:12, 56
2024-12-27 16:26:26, 55
2024-12-27 16:26:26, 55
2024-12-27 16:31:05, 54
2024-12-27 16:31:05, 54
2024-12-27 16:31:06, 55
2024-12-27 16:31:06, 55
2024-12-27 16:31:22, 54
2024-12-27 16:31:22, 54
2024-12-27 16:31:59, 55
2024-12-27 16:31:59, 55
2024-12-27 16:32:38, 54
2024-12-27 16:32:38, 54
2024-12-27 16:36:22, 53
2024-12-27 16:36:22, 53
2024-12-27 16:36:27, 54
2024-12-27 16:36:27, 54
2024-12-27 16:36:28, 53
2024-12-27 16:36:28, 53
2024-12-27 16:40:35, 52
2024-12-27 16:40:35, 52
2024-12-27 16:40:36, 53
2024-12-27 16:40:36, 53
2024-12-27 16:40:51, 52
2024-12-27 16:40:51, 52
2024-12-27 16:40:52, 53
2024-12-27 16:40:52, 53
2024-12-27 16:41:47, 52
2024-12-27 16:41:47, 52
2024-12-27 16:45:32, 51
2024-12-27 16:45:32, 51
2024-12-27 16:45:33, 52
2024-12-27 16:45:33, 52
2024-12-27 16:45:35, 51
2024-12-27 16:45:35, 51
2024-12-27 16:45:37, 52
2024-12-27 16:45:37, 52
2024-12-27 16:45:41, 51
2024-12-27 16:45:41, 51
2024-12-27 16:45:42, 52
2024-12-27 16:45:42, 52
2024-12-27 16:45:48, 51
2024-12-27 16:45:48, 51
2024-12-27 16:45:50, 52
2024-12-27 16:45:50, 52
2024-12-27 16:45:51, 51
2024-12-27 16:45:51, 51
2024-12-27 16:45:52, 52
2024-12-27 16:45:52, 52
2024-12-27 16:45:53, 51
2024-12-27 16:45:53, 51
2024-12-27 16:45:54, 52
2024-12-27 16:45:54, 52
2024-12-27 16:45:55, 51
2024-12-27 16:45:55, 51
2024-12-27 16:45:56, 52
2024-12-27 16:45:56, 52
2024-12-27 16:45:57, 51
2024-12-27 16:45:57, 51
2024-12-27 16:45:58, 52
2024-12-27 16:45:58, 52
2024-12-27 16:46:00, 51
2024-12-27 16:46:00, 51
2024-12-27 16:46:02, 52
2024-12-27 16:46:02, 52
2024-12-27 16:46:04, 51
2024-12-27 16:46:04, 51
2024-12-27 16:46:05, 52
2024-12-27 16:46:05, 52
2024-12-27 16:46:10, 51
2024-12-27 16:46:10, 51
2024-12-27 16:46:11, 52
2024-12-27 16:46:11, 52
2024-12-27 16:46:12, 51
2024-12-27 16:46:12, 51
2024-12-27 16:46:13, 52
2024-12-27 16:46:13, 52
2024-12-27 16:46:17, 51
2024-12-27 16:46:17, 51
2024-12-27 16:51:54, 50
2024-12-27 16:51:54, 50
2024-12-27 16:51:55, 51
2024-12-27 16:51:55, 51
2024-12-27 16:52:05, 50
2024-12-27 16:52:05, 50
2024-12-27 16:53:12, 51
2024-12-27 16:53:12, 51
2024-12-27 16:53:13, 50
2024-12-27 16:53:13, 50
2024-12-27 16:56:07, 49
2024-12-27 16:56:07, 49
2024-12-27 16:56:08, 50
2024-12-27 16:56:08, 50
2024-12-27 16:56:47, 49
2024-12-27 16:56:47, 49
2024-12-27 16:56:48, 50
2024-12-27 16:56:48, 50
2024-12-27 16:56:50, 49
2024-12-27 16:56:50, 49
2024-12-27 16:56:51, 50
2024-12-27 16:56:51, 50
2024-12-27 16:56:53, 49
2024-12-27 16:56:53, 49
2024-12-27 17:01:46, 48
2024-12-27 17:01:46, 48
2024-12-27 17:01:48, 49
2024-12-27 17:01:48, 49
2024-12-27 17:01:49, 48
2024-12-27 17:01:49, 48
2024-12-27 17:01:50, 49
2024-12-27 17:01:50, 49
2024-12-27 17:01:51, 48
2024-12-27 17:01:51, 48
2024-12-27 17:06:57, 47
2024-12-27 17:06:57, 47
2024-12-27 17:06:58, 48
2024-12-27 17:06:58, 48
2024-12-27 17:07:00, 47
2024-12-27 17:07:00, 47
2024-12-27 17:07:01, 48
2024-12-27 17:07:01, 48
2024-12-27 17:07:02, 47
2024-12-27 17:07:02, 47
2024-12-27 17:07:03, 48
2024-12-27 17:07:03, 48
2024-12-27 17:07:04, 47
2024-12-27 17:07:04, 47
2024-12-27 17:07:05, 48
2024-12-27 17:07:05, 48
2024-12-27 17:07:06, 47
2024-12-27 17:07:06, 47
2024-12-27 17:12:17, 46
2024-12-27 17:12:17, 46
2024-12-27 17:12:18, 47
2024-12-27 17:12:18, 47
2024-12-27 17:12:22, 46
2024-12-27 17:12:22, 46
2024-12-27 17:12:25, 47
2024-12-27 17:12:25, 47
2024-12-27 17:12:28, 46
2024-12-27 17:12:28, 46
2024-12-27 17:17:08, 45
2024-12-27 17:17:08, 45
2024-12-27 17:17:13, 46
2024-12-27 17:17:13, 46
2024-12-27 17:17:17, 45
2024-12-27 17:17:17, 45
2024-12-27 17:17:18, 46
2024-12-27 17:17:18, 46
2024-12-27 17:17:30, 45
2024-12-27 17:17:30, 45
2024-12-27 17:17:33, 46
2024-12-27 17:17:33, 46
2024-12-27 17:17:34, 45
2024-12-27 17:17:34, 45
2024-12-27 17:17:35, 46
2024-12-27 17:17:35, 46
2024-12-27 17:17:36, 45
2024-12-27 17:17:36, 45
2024-12-27 17:22:44, 44
2024-12-27 17:22:44, 44
2024-12-27 17:27:24, 43
2024-12-27 17:27:24, 43
2024-12-27 17:27:25, 44
2024-12-27 17:27:25, 44
2024-12-27 17:27:28, 43
2024-12-27 17:27:28, 43
2024-12-27 17:27:29, 44
2024-12-27 17:27:29, 44
2024-12-27 17:27:30, 43
2024-12-27 17:27:30, 43
2024-12-27 17:27:35, 44
2024-12-27 17:27:35, 44
2024-12-27 17:27:36, 43
2024-12-27 17:27:36, 43
2024-12-27 17:27:40, 44
2024-12-27 17:27:40, 44
2024-12-27 17:27:41, 43
2024-12-27 17:27:41, 43
2024-12-27 17:27:45, 44
2024-12-27 17:27:45, 44
2024-12-27 17:27:46, 43
2024-12-27 17:27:46, 43
2024-12-27 17:33:03, 42
2024-12-27 17:33:03, 42
2024-12-27 17:33:04, 43
2024-12-27 17:33:04, 43
2024-12-27 17:33:05, 42
2024-12-27 17:33:05, 42
2024-12-27 17:37:49, 41
2024-12-27 17:37:49, 41
2024-12-27 17:37:51, 42
2024-12-27 17:37:51, 42
2024-12-27 17:37:56, 41
2024-12-27 17:37:56, 41
2024-12-27 17:37:57, 42
2024-12-27 17:37:57, 42
2024-12-27 17:37:58, 41
2024-12-27 17:37:58, 41
2024-12-27 17:43:08, 40
2024-12-27 17:43:08, 40
2024-12-27 17:43:09, 41
2024-12-27 17:43:09, 41
2024-12-27 17:43:10, 40
2024-12-27 17:43:10, 40
2024-12-27 17:43:11, 41
2024-12-27 17:43:11, 41
2024-12-27 17:43:12, 40
2024-12-27 17:43:12, 40
2024-12-27 17:47:55, 39
2024-12-27 17:47:55, 39
2024-12-27 17:47:56, 40
2024-12-27 17:47:56, 40
2024-12-27 17:48:00, 39
2024-12-27 17:48:00, 39
2024-12-27 17:48:07, 40
2024-12-27 17:48:07, 40
2024-12-27 17:48:08, 39
2024-12-27 17:48:08, 39
2024-12-27 17:48:14, 40
2024-12-27 17:48:14, 40
2024-12-27 17:48:15, 39
2024-12-27 17:48:15, 39
2024-12-27 17:48:18, 40
2024-12-27 17:48:18, 40
2024-12-27 17:48:19, 39
2024-12-27 17:48:19, 39
2024-12-27 17:52:56, 38
2024-12-27 17:52:56, 38
2024-12-27 17:52:58, 39
2024-12-27 17:52:58, 39
2024-12-27 17:53:04, 38
2024-12-27 17:53:04, 38
2024-12-27 17:53:08, 39
2024-12-27 17:53:08, 39
2024-12-27 17:53:09, 38
2024-12-27 17:53:09, 38
2024-12-27 17:53:10, 39
2024-12-27 17:53:10, 39
2024-12-27 17:53:11, 38
2024-12-27 17:53:11, 38
2024-12-27 17:53:12, 39
2024-12-27 17:53:12, 39
2024-12-27 17:53:13, 38
2024-12-27 17:53:13, 38
2024-12-27 17:53:16, 39
2024-12-27 17:53:16, 39
2024-12-27 17:53:18, 38
2024-12-27 17:53:18, 38
2024-12-27 17:53:24, 39
2024-12-27 17:53:24, 39
2024-12-27 17:53:26, 38
2024-12-27 17:53:26, 38
2024-12-27 17:58:55, 37
2024-12-27 17:58:55, 37
2024-12-27 17:59:00, 38
2024-12-27 17:59:00, 38
2024-12-27 17:59:01, 37
2024-12-27 17:59:01, 37
2024-12-27 17:59:03, 38
2024-12-27 17:59:03, 38
2024-12-27 17:59:04, 37
2024-12-27 17:59:04, 37
2024-12-27 18:03:25, 36
2024-12-27 18:03:25, 36
2024-12-27 18:03:35, 37
2024-12-27 18:03:35, 37
2024-12-27 18:03:36, 36
2024-12-27 18:03:36, 36
2024-12-27 18:03:44, 37
2024-12-27 18:03:44, 37
2024-12-27 18:03:45, 36
2024-12-27 18:03:45, 36
2024-12-27 18:06:53, 37
2024-12-27 18:06:53, 37
2024-12-27 18:07:33, 38
2024-12-27 18:07:33, 38
2024-12-27 18:07:36, 37
2024-12-27 18:07:36, 37
2024-12-27 18:07:37, 38
2024-12-27 18:07:37, 38
2024-12-27 18:07:40, 37
2024-12-27 18:07:40, 37
2024-12-27 18:07:42, 38
2024-12-27 18:07:42, 38
2024-12-27 18:07:56, 37
2024-12-27 18:07:56, 37
2024-12-27 18:07:57, 38
2024-12-27 18:07:57, 38
2024-12-27 18:08:06, 37
2024-12-27 18:08:06, 37
2024-12-27 18:08:07, 38
2024-12-27 18:08:07, 38
2024-12-27 18:08:09, 37
2024-12-27 18:08:09, 37
2024-12-27 18:08:11, 38
2024-12-27 18:08:11, 38
2024-12-27 18:08:13, 37
2024-12-27 18:08:13, 37
2024-12-27 18:11:58, 36
2024-12-27 18:11:58, 36
2024-12-27 18:11:59, 37
2024-12-27 18:11:59, 37
2024-12-27 18:12:02, 36
2024-12-27 18:12:02, 36
2024-12-27 18:12:13, 37
2024-12-27 18:12:13, 37
2024-12-27 18:12:14, 36
2024-12-27 18:12:14, 36
2024-12-27 18:16:45, 35
2024-12-27 18:16:45, 35
2024-12-27 18:21:48, 34
2024-12-27 18:21:48, 34
2024-12-27 18:21:49, 35
2024-12-27 18:21:49, 35
2024-12-27 18:21:50, 34
2024-12-27 18:21:50, 34
2024-12-27 18:21:51, 35
2024-12-27 18:21:51, 35
2024-12-27 18:21:53, 34
2024-12-27 18:21:53, 34
2024-12-27 18:27:11, 33
2024-12-27 18:27:11, 33
2024-12-27 18:27:13, 34
2024-12-27 18:27:13, 34
2024-12-27 18:27:16, 33
2024-12-27 18:27:16, 33
2024-12-27 18:32:55, 32
2024-12-27 18:32:55, 32
2024-12-27 18:37:32, 31
2024-12-27 18:37:32, 31
2024-12-27 18:37:35, 32
2024-12-27 18:37:35, 32
2024-12-27 18:37:36, 31
2024-12-27 18:37:36, 31
2024-12-27 18:37:37, 32
2024-12-27 18:37:37, 32
2024-12-27 18:37:38, 31
2024-12-27 18:37:38, 31
2024-12-27 18:42:30, 30
2024-12-27 18:42:30, 30
2024-12-27 18:42:33, 31
2024-12-27 18:42:33, 31
2024-12-27 18:42:34, 30
2024-12-27 18:42:34, 30
2024-12-27 18:42:35, 31
2024-12-27 18:42:35, 31
2024-12-27 18:42:37, 30
2024-12-27 18:42:37, 30
2024-12-27 18:43:02, 31
2024-12-27 18:43:02, 31
2024-12-27 18:43:03, 30
2024-12-27 18:43:03, 30
2024-12-27 18:43:04, 31
2024-12-27 18:43:04, 31
2024-12-27 18:43:30, 30
2024-12-27 18:43:30, 30
2024-12-27 18:47:25, 29
2024-12-27 18:47:25, 29
2024-12-27 18:47:26, 30
2024-12-27 18:47:26, 30
2024-12-27 18:47:27, 29
2024-12-27 18:47:27, 29
2024-12-27 18:47:28, 30
2024-12-27 18:47:28, 30
2024-12-27 18:47:30, 29
2024-12-27 18:47:30, 29
2024-12-27 18:48:12, 30
2024-12-27 18:48:12, 30
2024-12-27 18:48:13, 29
2024-12-27 18:48:13, 29
2024-12-27 18:53:10, 28
2024-12-27 18:53:10, 28
2024-12-27 18:53:11, 29
2024-12-27 18:53:11, 29
2024-12-27 18:53:16, 28
2024-12-27 18:53:16, 28
2024-12-27 18:57:37, 27
2024-12-27 18:57:37, 27
2024-12-27 19:03:29, 26
2024-12-27 19:03:29, 26
2024-12-27 19:07:41, 25
2024-12-27 19:07:41, 25
2024-12-27 19:07:43, 26
2024-12-27 19:07:43, 26
2024-12-27 19:07:44, 25
2024-12-27 19:07:44, 25
2024-12-27 19:07:45, 26
2024-12-27 19:07:45, 26
2024-12-27 19:07:46, 25
2024-12-27 19:07:46, 25
2024-12-27 19:07:47, 26
2024-12-27 19:07:47, 26
2024-12-27 19:07:49, 25
2024-12-27 19:07:49, 25
2024-12-27 19:13:06, 24
2024-12-27 19:13:06, 24
2024-12-27 19:13:09, 25
2024-12-27 19:13:09, 25
2024-12-27 19:13:10, 24
2024-12-27 19:13:10, 24
2024-12-27 19:17:53, 23
2024-12-27 19:17:53, 23
2024-12-27 19:17:54, 24
2024-12-27 19:17:54, 24
2024-12-27 19:17:57, 23
2024-12-27 19:17:57, 23
2024-12-27 19:17:59, 24
2024-12-27 19:17:59, 24
2024-12-27 19:18:03, 23
2024-12-27 19:18:03, 23
2024-12-27 19:22:44, 22
2024-12-27 19:22:44, 22
2024-12-27 19:22:48, 23
2024-12-27 19:22:48, 23
2024-12-27 19:22:49, 22
2024-12-27 19:22:49, 22
2024-12-27 19:28:15, 21
2024-12-27 19:28:15, 21
2024-12-27 19:32:57, 20
2024-12-27 19:32:57, 20
2024-12-27 19:37:44, 19
2024-12-27 19:37:44, 19
2024-12-27 19:37:45, 20
2024-12-27 19:37:45, 20
2024-12-27 19:37:49, 19
2024-12-27 19:37:49, 19
2024-12-27 19:37:50, 20
2024-12-27 19:37:50, 20
2024-12-27 19:37:51, 19
2024-12-27 19:37:51, 19
2024-12-27 19:42:55, 18
2024-12-27 19:42:55, 18
2024-12-27 19:42:56, 19
2024-12-27 19:42:56, 19
2024-12-27 19:42:57, 18
2024-12-27 19:42:57, 18
2024-12-27 19:42:58, 19
2024-12-27 19:42:58, 19
2024-12-27 19:42:59, 18
2024-12-27 19:42:59, 18
2024-12-27 19:43:01, 19
2024-12-27 19:43:01, 19
2024-12-27 19:43:02, 18
2024-12-27 19:43:02, 18
2024-12-27 19:43:04, 19
2024-12-27 19:43:04, 19
2024-12-27 19:43:05, 18
2024-12-27 19:43:05, 18
2024-12-27 19:47:43, 17
2024-12-27 19:47:43, 17
2024-12-27 19:47:44, 18
2024-12-27 19:47:44, 18
2024-12-27 19:47:45, 17
2024-12-27 19:47:45, 17
2024-12-27 19:47:46, 18
2024-12-27 19:47:46, 18
2024-12-27 19:47:47, 17
2024-12-27 19:47:47, 17
2024-12-27 19:53:09, 16
2024-12-27 19:53:09, 16
2024-12-27 19:57:35, 15
2024-12-27 19:57:35, 15
2024-12-27 19:57:36, 16
2024-12-27 19:57:36, 16
2024-12-27 19:57:37, 15
2024-12-27 19:57:37, 15
2024-12-27 19:57:38, 16
2024-12-27 19:57:38, 16
2024-12-27 19:57:39, 15
2024-12-27 19:57:39, 15
2024-12-27 19:57:40, 16
2024-12-27 19:57:40, 16
2024-12-27 19:57:41, 15
2024-12-27 19:57:41, 15
2024-12-27 19:57:42, 16
2024-12-27 19:57:42, 16
2024-12-27 19:57:43, 15
2024-12-27 19:57:43, 15
2024-12-27 20:02:58, 14
2024-12-27 20:02:58, 14
2024-12-27 20:03:00, 15
2024-12-27 20:03:00, 15
2024-12-27 20:03:01, 14
2024-12-27 20:03:01, 14
2024-12-27 20:07:38, 13
2024-12-27 20:07:38, 13
2024-12-27 20:07:41, 14
2024-12-27 20:07:41, 14
2024-12-27 20:07:46, 13
2024-12-27 20:07:46, 13
2024-12-27 20:07:50, 14
2024-12-27 20:07:50, 14
2024-12-27 20:07:52, 13
2024-12-27 20:07:52, 13
2024-12-27 20:12:43, 12
2024-12-27 20:12:43, 12
2024-12-27 20:12:45, 13
2024-12-27 20:12:45, 13
2024-12-27 20:12:46, 12
2024-12-27 20:12:46, 12
2024-12-27 20:12:47, 13
2024-12-27 20:12:47, 13
2024-12-27 20:12:48, 12
2024-12-27 20:12:48, 12
2024-12-27 20:17:45, 13
2024-12-27 20:17:45, 13
2024-12-27 20:17:58, 14
2024-12-27 20:17:58, 14
2024-12-27 20:18:08, 15
2024-12-27 20:18:08, 15
2024-12-27 20:18:16, 16
2024-12-27 20:18:16, 16
2024-12-27 20:18:23, 17
2024-12-27 20:18:23, 17
2024-12-27 20:18:30, 18
2024-12-27 20:18:30, 18
2024-12-27 20:18:37, 19
2024-12-27 20:18:37, 19
2024-12-27 20:18:43, 20
2024-12-27 20:18:43, 20
2024-12-27 20:18:49, 21
2024-12-27 20:18:49, 21
2024-12-27 20:18:55, 22
2024-12-27 20:18:55, 22
2024-12-27 20:19:01, 23
2024-12-27 20:19:01, 23
2024-12-27 20:20:48, 22
2024-12-27 20:20:48, 22
2024-12-27 20:20:50, 23
2024-12-27 20:20:50, 23
2024-12-27 20:20:52, 22
2024-12-27 20:20:52, 22
2024-12-27 20:27:13, 21
2024-12-27 20:27:13, 21
2024-12-27 20:31:21, 20
2024-12-27 20:31:21, 20
2024-12-27 20:31:22, 21
2024-12-27 20:31:22, 21
2024-12-27 20:31:23, 20
2024-12-27 20:31:23, 20
2024-12-27 20:31:24, 21
2024-12-27 20:31:24, 21
2024-12-27 20:31:28, 20
2024-12-27 20:31:28, 20
2024-12-27 20:31:30, 21
2024-12-27 20:31:30, 21
2024-12-27 20:32:35, 20
2024-12-27 20:32:35, 20
2024-12-27 20:50:16, 19
2024-12-27 20:50:16, 19
2024-12-27 20:52:58, 18
2024-12-27 20:52:58, 18
2024-12-27 20:54:06, 19
2024-12-27 20:54:06, 19
2024-12-27 20:54:07, 18
2024-12-27 20:54:07, 18
2024-12-27 20:54:09, 19
2024-12-27 20:54:09, 19
2024-12-27 20:54:10, 18
2024-12-27 20:54:10, 18
2024-12-27 20:58:19, 17
2024-12-27 20:58:19, 17
2024-12-27 21:02:36, 16
2024-12-27 21:02:36, 16
2024-12-27 21:02:37, 17
2024-12-27 21:02:37, 17
2024-12-27 21:03:46, 16
2024-12-27 21:03:46, 16
2024-12-27 21:05:22, 17
2024-12-27 21:05:22, 17
2024-12-27 21:05:28, 18
2024-12-27 21:05:28, 18
2024-12-27 21:05:34, 19
2024-12-27 21:05:34, 19
2024-12-27 21:05:40, 20
2024-12-27 21:05:40, 20
2024-12-27 21:05:46, 21
2024-12-27 21:05:46, 21
2024-12-27 21:05:53, 22
2024-12-27 21:05:53, 22
2024-12-27 21:06:00, 23
2024-12-27 21:06:00, 23
2024-12-27 21:07:01, 24
2024-12-27 21:07:01, 24
2024-12-27 21:07:12, 23
2024-12-27 21:07:12, 23
2024-12-27 21:09:00, 24
2024-12-27 21:09:00, 24
2024-12-27 21:13:11, 23
2024-12-27 21:13:11, 23
2024-12-27 21:14:14, 24
2024-12-27 21:14:14, 24
2024-12-27 21:14:15, 23
2024-12-27 21:14:15, 23
2024-12-27 21:14:16, 24
2024-12-27 21:14:16, 24
2024-12-27 21:14:18, 23
2024-12-27 21:14:18, 23
2024-12-27 21:14:21, 24
2024-12-27 21:14:21, 24
2024-12-27 21:14:22, 23
2024-12-27 21:14:22, 23
2024-12-27 21:14:23, 24
2024-12-27 21:14:23, 24
2024-12-27 21:14:24, 23
2024-12-27 21:14:24, 23
2024-12-27 21:18:32, 22
2024-12-27 21:18:32, 22
2024-12-27 21:22:42, 21
2024-12-27 21:22:42, 21
2024-12-27 21:22:45, 22
2024-12-27 21:22:45, 22
2024-12-27 21:22:48, 21
2024-12-27 21:22:48, 21
2024-12-27 21:22:49, 22
2024-12-27 21:22:49, 22
2024-12-27 21:23:53, 21
2024-12-27 21:23:53, 21
2024-12-27 21:27:59, 20
2024-12-27 21:27:59, 20
2024-12-27 21:28:41, 21
2024-12-27 21:28:41, 21
2024-12-27 21:28:42, 20
2024-12-27 21:28:42, 20
2024-12-27 21:28:43, 21
2024-12-27 21:28:43, 21
2024-12-27 21:28:44, 20
2024-12-27 21:28:44, 20
2024-12-27 21:28:45, 21
2024-12-27 21:28:45, 21
2024-12-27 21:28:46, 20
2024-12-27 21:28:46, 20
2024-12-27 21:28:47, 21
2024-12-27 21:28:47, 21
2024-12-27 21:29:14, 20
2024-12-27 21:29:14, 20
2024-12-27 21:29:15, 21
2024-12-27 21:29:15, 21
2024-12-27 21:29:17, 20
2024-12-27 21:29:17, 20
2024-12-27 21:33:15, 19
2024-12-27 21:33:15, 19
2024-12-27 21:37:15, 18
2024-12-27 21:37:15, 18
2024-12-27 21:37:20, 19
2024-12-27 21:37:20, 19
2024-12-27 21:37:21, 18
2024-12-27 21:37:21, 18
2024-12-27 21:37:36, 19
2024-12-27 21:37:36, 19
2024-12-27 21:37:37, 18
2024-12-27 21:37:37, 18
2024-12-27 21:37:38, 19
2024-12-27 21:37:38, 19
2024-12-27 21:38:31, 18
2024-12-27 21:38:31, 18
2024-12-27 21:59:16, 17
2024-12-27 21:59:16, 17
2024-12-27 21:59:18, 18
2024-12-27 21:59:18, 18
2024-12-27 21:59:19, 17
2024-12-27 21:59:19, 17
2024-12-27 21:59:32, 18
2024-12-27 21:59:32, 18
2024-12-27 22:00:32, 17
2024-12-27 22:00:32, 17
2024-12-27 22:04:40, 16
2024-12-27 22:04:40, 16
2024-12-27 22:05:38, 17
2024-12-27 22:05:38, 17
2024-12-27 22:05:45, 16
2024-12-27 22:05:45, 16
2024-12-27 22:05:46, 17
2024-12-27 22:05:46, 17
2024-12-27 22:05:48, 16
2024-12-27 22:05:48, 16
2024-12-27 22:05:49, 17
2024-12-27 22:05:49, 17
2024-12-27 22:05:50, 16
2024-12-27 22:05:50, 16
2024-12-27 22:09:54, 15
2024-12-27 22:09:54, 15
2024-12-27 22:09:56, 16
2024-12-27 22:09:56, 16
2024-12-27 22:09:57, 15
2024-12-27 22:09:57, 15
2024-12-27 22:13:58, 14
2024-12-27 22:13:58, 14
2024-12-27 22:14:19, 15
2024-12-27 22:14:19, 15
2024-12-27 22:14:21, 14
2024-12-27 22:14:21, 14
2024-12-27 22:14:22, 15
2024-12-27 22:14:22, 15
2024-12-27 22:14:28, 14
2024-12-27 22:14:28, 14
2024-12-27 22:14:29, 15
2024-12-27 22:14:29, 15
2024-12-27 22:15:11, 14
2024-12-27 22:15:11, 14
2024-12-27 22:19:18, 13
2024-12-27 22:19:18, 13
2024-12-27 22:20:20, 14
2024-12-27 22:20:20, 14
2024-12-27 22:20:21, 13
2024-12-27 22:20:21, 13
2024-12-27 22:20:22, 14
2024-12-27 22:20:22, 14
2024-12-27 22:20:26, 13
2024-12-27 22:20:26, 13
2024-12-27 22:24:46, 12
2024-12-27 22:24:46, 12
2024-12-27 22:24:47, 13
2024-12-27 22:24:47, 13
2024-12-27 22:24:48, 12
2024-12-27 22:24:48, 12
2024-12-27 22:25:48, 13
2024-12-27 22:25:48, 13
2024-12-27 22:25:49, 12
2024-12-27 22:25:49, 12
2024-12-27 22:25:52, 13
2024-12-27 22:25:52, 13
2024-12-27 22:25:53, 12
2024-12-27 22:25:53, 12
2024-12-27 22:30:09, 11
2024-12-27 22:30:09, 11
2024-12-27 22:34:11, 10
2024-12-27 22:34:11, 10
2024-12-27 22:34:40, 11
2024-12-27 22:34:40, 11
2024-12-27 22:34:41, 10
2024-12-27 22:34:41, 10
2024-12-27 22:34:42, 11
2024-12-27 22:34:42, 11
2024-12-27 22:35:21, 10
2024-12-27 22:35:21, 10
2024-12-27 22:35:23, 11
2024-12-27 22:35:23, 11
2024-12-27 22:35:24, 10
2024-12-27 22:35:24, 10
2024-12-27 22:39:25, 9
2024-12-27 22:39:25, 9
2024-12-27 22:44:52, 8
2024-12-27 22:44:52, 8
2024-12-27 22:48:50, 7
2024-12-27 22:48:50, 7
2024-12-27 22:49:32, 8
2024-12-27 22:49:32, 8
2024-12-27 22:50:09, 7
2024-12-27 22:50:09, 7
2024-12-27 22:54:04, 6
2024-12-27 22:54:04, 6
2024-12-27 22:58:26, 5
2024-12-27 22:58:26, 5
2024-12-27 22:58:27, 6
2024-12-27 22:58:27, 6
2024-12-27 22:58:28, 5
2024-12-27 22:58:28, 5
2024-12-27 22:58:30, 6
2024-12-27 22:58:30, 6
2024-12-27 22:58:31, 5
2024-12-27 22:58:31, 5
2024-12-27 22:58:32, 6
2024-12-27 22:58:32, 6
2024-12-27 22:58:33, 5
2024-12-27 22:58:33, 5
2024-12-27 22:58:34, 6
2024-12-27 22:58:34, 6
2024-12-27 22:59:28, 5
2024-12-27 22:59:28, 5
2024-12-27 23:02:09, 6
2024-12-27 23:02:09, 6
2024-12-27 23:02:44, 7
2024-12-27 23:02:44, 7
2024-12-27 23:04:09, 8
2024-12-27 23:04:09, 8
2024-12-27 23:04:10, 7
2024-12-27 23:04:10, 7
2024-12-27 23:04:11, 8
2024-12-27 23:04:11, 8
2024-12-27 23:14:26, 9
2024-12-27 23:14:26, 9
2024-12-28 02:29:19, 10
2024-12-28 02:29:19, 10
2024-12-28 02:29:44, 14
2024-12-28 02:29:44, 14
2024-12-28 02:29:48, 15
2024-12-28 02:29:48, 15
2024-12-28 02:29:55, 16
2024-12-28 02:29:55, 16
2024-12-28 03:20:31, 19
2024-12-28 03:20:31, 19
2024-12-28 05:01:53, 21
2024-12-28 05:01:53, 21
2024-12-28 06:01:42, 22
2024-12-28 06:01:42, 22
2024-12-28 06:01:48, 23
2024-12-28 06:01:48, 23
2024-12-28 06:01:55, 24
2024-12-28 06:01:55, 24
2024-12-28 08:57:23, 25
2024-12-28 08:57:23, 25
2024-12-28 08:57:30, 26
2024-12-28 08:57:30, 26
2024-12-28 08:59:28, 27
2024-12-28 08:59:28, 27
2024-12-28 08:59:34, 28
2024-12-28 08:59:34, 28
2024-12-28 08:59:40, 29
2024-12-28 08:59:40, 29
2024-12-28 08:59:47, 30
2024-12-28 08:59:47, 30
2024-12-28 09:48:55, 31
2024-12-28 09:48:55, 31
2024-12-28 09:49:01, 32
2024-12-28 09:49:01, 32
2024-12-28 09:49:06, 33
2024-12-28 09:49:06, 33
2024-12-28 09:49:12, 34
2024-12-28 09:49:12, 34
2024-12-28 09:49:19, 35
2024-12-28 09:49:19, 35
2024-12-28 09:50:53, 36
2024-12-28 09:50:53, 36
2024-12-28 10:03:43, 40
2024-12-28 10:03:43, 40
2024-12-28 10:59:47, 41
2024-12-28 10:59:47, 41
2024-12-28 10:59:53, 42
2024-12-28 10:59:53, 42
2024-12-28 10:59:59, 43
2024-12-28 10:59:59, 43
2024-12-28 11:00:32, 44
2024-12-28 11:00:32, 44
2024-12-28 11:40:33, 47
2024-12-28 11:40:33, 47
2024-12-28 11:41:45, 48
2024-12-28 11:41:45, 48
2024-12-28 11:41:51, 49
2024-12-28 11:41:51, 49
2024-12-28 11:41:57, 50
2024-12-28 11:41:57, 50
2024-12-28 11:42:04, 51
2024-12-28 11:42:04, 51
2024-12-28 11:42:11, 52
2024-12-28 11:42:11, 52
2024-12-28 11:47:34, 53
2024-12-28 11:47:34, 53
2024-12-28 11:51:24, 54
2024-12-28 11:51:24, 54
2024-12-28 11:53:59, 55
2024-12-28 11:53:59, 55
2024-12-28 11:54:07, 56
2024-12-28 11:54:07, 56
2024-12-28 14:09:20, 57
2024-12-28 14:09:20, 57
2024-12-28 14:15:49, 58
2024-12-28 14:15:49, 58
2024-12-28 14:15:56, 59
2024-12-28 14:15:56, 59
2024-12-28 14:16:02, 60
2024-12-28 14:16:02, 60
2024-12-28 14:16:09, 61
2024-12-28 14:16:09, 61
2024-12-28 14:16:15, 62
2024-12-28 14:16:15, 62
2024-12-28 14:17:36, 63
2024-12-28 14:17:36, 63
2024-12-28 14:17:42, 64
2024-12-28 14:17:42, 64
2024-12-28 14:17:49, 65
2024-12-28 14:17:49, 65
2024-12-28 14:21:09, 66
2024-12-28 14:21:09, 66
2024-12-28 15:07:11, 67
2024-12-28 15:07:11, 67
2024-12-28 15:07:17, 68
2024-12-28 15:07:17, 68
2024-12-28 15:07:24, 69
2024-12-28 15:07:24, 69
2024-12-28 15:07:56, 70
2024-12-28 15:07:56, 70
2024-12-28 15:29:41, 69
2024-12-28 15:29:41, 69
2024-12-28 15:29:42, 70
2024-12-28 15:29:42, 70
2024-12-28 15:29:46, 69
2024-12-28 15:29:46, 69
2024-12-28 15:30:58, 68
2024-12-28 15:30:58, 68
2024-12-28 15:34:21, 67
2024-12-28 15:34:21, 67
2024-12-28 15:34:23, 68
2024-12-28 15:34:23, 68
2024-12-28 15:34:24, 67
2024-12-28 15:34:24, 67
2024-12-28 15:34:25, 68
2024-12-28 15:34:25, 68
2024-12-28 15:34:26, 67
2024-12-28 15:34:26, 67
2024-12-28 15:34:27, 68
2024-12-28 15:34:27, 68
2024-12-28 15:34:29, 67
2024-12-28 15:34:29, 67
2024-12-28 15:35:35, 68
2024-12-28 15:35:35, 68
2024-12-28 15:35:36, 67
2024-12-28 15:35:36, 67
2024-12-28 15:58:14, 68
2024-12-28 15:58:14, 68
2024-12-28 15:58:34, 67
2024-12-28 15:58:34, 67
2024-12-28 15:58:35, 68
2024-12-28 15:58:35, 68
2024-12-28 15:58:37, 67
2024-12-28 15:58:37, 67
2024-12-28 16:03:53, 66
2024-12-28 16:03:53, 66
2024-12-28 16:03:54, 67
2024-12-28 16:03:54, 67
2024-12-28 16:03:55, 66
2024-12-28 16:03:55, 66
2024-12-28 16:03:56, 67
2024-12-28 16:03:56, 67
2024-12-28 16:03:57, 66
2024-12-28 16:03:57, 66
2024-12-28 16:04:02, 67
2024-12-28 16:04:02, 67
2024-12-28 16:04:03, 66
2024-12-28 16:04:03, 66
2024-12-28 16:04:04, 67
2024-12-28 16:04:04, 67
2024-12-28 16:04:05, 66
2024-12-28 16:04:05, 66
2024-12-28 16:09:38, 65
2024-12-28 16:09:38, 65
2024-12-28 16:09:39, 66
2024-12-28 16:09:39, 66
2024-12-28 16:09:40, 65
2024-12-28 16:09:40, 65
2024-12-28 16:09:41, 66
2024-12-28 16:09:41, 66
2024-12-28 16:09:42, 65
2024-12-28 16:09:42, 65
2024-12-28 16:38:03, 60
2024-12-28 16:38:03, 60
2024-12-28 16:40:48, 59
2024-12-28 16:40:48, 59
2024-12-28 16:40:49, 60
2024-12-28 16:40:49, 60
2024-12-28 16:40:51, 59
2024-12-28 16:40:51, 59
2024-12-28 16:40:52, 60
2024-12-28 16:40:52, 60
2024-12-28 16:40:53, 59
2024-12-28 16:40:53, 59
2024-12-28 16:46:19, 60
2024-12-28 16:46:19, 60
2024-12-28 16:50:27, 59
2024-12-28 16:50:27, 59
2024-12-28 16:50:28, 60
2024-12-28 16:50:28, 60
2024-12-28 16:50:30, 59
2024-12-28 16:50:30, 59
2024-12-28 16:50:31, 60
2024-12-28 16:50:31, 60
2024-12-28 16:50:32, 59
2024-12-28 16:50:32, 59
2024-12-28 16:55:49, 58
2024-12-28 16:55:49, 58
2024-12-28 16:55:50, 59
2024-12-28 16:55:50, 59
2024-12-28 16:55:53, 58
2024-12-28 16:55:53, 58
2024-12-28 17:01:03, 57
2024-12-28 17:01:03, 57
2024-12-28 17:01:05, 58
2024-12-28 17:01:05, 58
2024-12-28 17:01:06, 57
2024-12-28 17:01:06, 57
2024-12-28 17:01:07, 58
2024-12-28 17:01:07, 58
2024-12-28 17:01:08, 57
2024-12-28 17:01:08, 57
2024-12-28 17:06:20, 56
2024-12-28 17:06:20, 56
2024-12-28 17:06:21, 57
2024-12-28 17:06:21, 57
2024-12-28 17:06:23, 56
2024-12-28 17:06:23, 56
2024-12-28 17:11:25, 55
2024-12-28 17:11:25, 55
2024-12-28 17:11:26, 56
2024-12-28 17:11:26, 56
2024-12-28 17:11:40, 55
2024-12-28 17:11:40, 55
2024-12-28 17:11:41, 56
2024-12-28 17:11:41, 56
2024-12-28 17:11:45, 55
2024-12-28 17:11:45, 55
2024-12-28 17:11:49, 56
2024-12-28 17:11:49, 56
2024-12-28 17:11:50, 55
2024-12-28 17:11:50, 55
2024-12-28 17:16:49, 54
2024-12-28 17:16:49, 54
2024-12-28 17:16:50, 55
2024-12-28 17:16:50, 55
2024-12-28 17:16:52, 54
2024-12-28 17:16:52, 54
2024-12-28 17:22:01, 53
2024-12-28 17:22:01, 53
2024-12-28 17:22:03, 54
2024-12-28 17:22:03, 54
2024-12-28 17:22:05, 53
2024-12-28 17:22:05, 53
2024-12-28 17:22:07, 54
2024-12-28 17:22:07, 54
2024-12-28 17:22:08, 53
2024-12-28 17:22:08, 53
2024-12-28 17:23:09, 54
2024-12-28 17:23:09, 54
2024-12-28 17:23:15, 55
2024-12-28 17:23:15, 55
2024-12-28 17:23:22, 56
2024-12-28 17:23:22, 56
2024-12-28 17:25:21, 55
2024-12-28 17:25:21, 55
2024-12-28 17:25:22, 56
2024-12-28 17:25:22, 56
2024-12-28 17:25:29, 55
2024-12-28 17:25:29, 55
2024-12-28 17:30:39, 54
2024-12-28 17:30:39, 54
2024-12-28 17:30:40, 55
2024-12-28 17:30:40, 55
2024-12-28 17:30:45, 54
2024-12-28 17:30:45, 54
2024-12-28 17:36:01, 53
2024-12-28 17:36:01, 53
2024-12-28 17:36:02, 54
2024-12-28 17:36:02, 54
2024-12-28 17:36:06, 53
2024-12-28 17:36:06, 53
2024-12-28 17:36:10, 54
2024-12-28 17:36:10, 54
2024-12-28 17:36:11, 53
2024-12-28 17:36:11, 53
2024-12-28 17:40:38, 52
2024-12-28 17:40:38, 52
2024-12-28 17:40:39, 53
2024-12-28 17:40:39, 53
2024-12-28 17:41:07, 52
2024-12-28 17:41:07, 52
2024-12-28 17:41:08, 53
2024-12-28 17:41:08, 53
2024-12-28 17:41:12, 52
2024-12-28 17:41:12, 52
2024-12-28 17:41:14, 53
2024-12-28 17:41:14, 53
2024-12-28 17:41:15, 52
2024-12-28 17:41:15, 52
2024-12-28 17:45:29, 51
2024-12-28 17:45:29, 51
2024-12-28 17:45:30, 52
2024-12-28 17:45:30, 52
2024-12-28 17:45:31, 51
2024-12-28 17:45:31, 51
2024-12-28 17:45:33, 52
2024-12-28 17:45:33, 52
2024-12-28 17:45:35, 51
2024-12-28 17:45:35, 51
2024-12-28 17:45:36, 52
2024-12-28 17:45:36, 52
2024-12-28 17:45:40, 51
2024-12-28 17:45:40, 51
2024-12-28 17:45:41, 52
2024-12-28 17:45:41, 52
2024-12-28 17:45:47, 51
2024-12-28 17:45:47, 51
2024-12-28 17:45:48, 52
2024-12-28 17:45:48, 52
2024-12-28 17:45:53, 51
2024-12-28 17:45:53, 51
2024-12-28 17:45:54, 52
2024-12-28 17:45:54, 52
2024-12-28 17:45:55, 51
2024-12-28 17:45:55, 51
2024-12-28 17:46:00, 52
2024-12-28 17:46:00, 52
2024-12-28 17:46:03, 51
2024-12-28 17:46:03, 51
2024-12-28 17:46:05, 52
2024-12-28 17:46:05, 52
2024-12-28 17:46:06, 51
2024-12-28 17:46:06, 51
2024-12-28 17:46:07, 52
2024-12-28 17:46:07, 52
2024-12-28 17:46:14, 51
2024-12-28 17:46:14, 51
2024-12-28 17:46:15, 52
2024-12-28 17:46:15, 52
2024-12-28 17:46:16, 51
2024-12-28 17:46:16, 51
2024-12-28 17:46:17, 52
2024-12-28 17:46:17, 52
2024-12-28 17:46:19, 51
2024-12-28 17:46:19, 51
2024-12-28 17:46:20, 52
2024-12-28 17:46:20, 52
2024-12-28 17:46:21, 51
2024-12-28 17:46:21, 51
2024-12-28 17:46:27, 52
2024-12-28 17:46:27, 52
2024-12-28 17:46:28, 51
2024-12-28 17:46:28, 51
2024-12-28 17:50:46, 50
2024-12-28 17:50:46, 50
2024-12-28 17:50:47, 51
2024-12-28 17:50:47, 51
2024-12-28 17:50:50, 50
2024-12-28 17:50:50, 50
2024-12-28 17:50:52, 51
2024-12-28 17:50:52, 51
2024-12-28 17:50:53, 50
2024-12-28 17:50:53, 50
2024-12-28 17:50:54, 51
2024-12-28 17:50:54, 51
2024-12-28 17:51:00, 50
2024-12-28 17:51:00, 50
2024-12-28 17:51:02, 51
2024-12-28 17:51:02, 51
2024-12-28 17:51:12, 50
2024-12-28 17:51:12, 50
2024-12-28 17:51:13, 51
2024-12-28 17:51:13, 51
2024-12-28 17:51:27, 50
2024-12-28 17:51:27, 50
2024-12-28 17:51:28, 51
2024-12-28 17:51:28, 51
2024-12-28 17:51:29, 50
2024-12-28 17:51:29, 50
2024-12-28 17:51:32, 51
2024-12-28 17:51:32, 51
2024-12-28 17:51:33, 50
2024-12-28 17:51:33, 50
2024-12-28 17:51:35, 51
2024-12-28 17:51:35, 51
2024-12-28 17:51:36, 50
2024-12-28 17:51:36, 50
2024-12-28 17:56:13, 49
2024-12-28 17:56:13, 49
2024-12-28 17:56:14, 50
2024-12-28 17:56:14, 50
2024-12-28 17:56:41, 49
2024-12-28 17:56:41, 49
2024-12-28 17:56:42, 50
2024-12-28 17:56:42, 50
2024-12-28 17:56:45, 49
2024-12-28 17:56:45, 49
2024-12-28 17:56:46, 50
2024-12-28 17:56:46, 50
2024-12-28 17:56:47, 49
2024-12-28 17:56:47, 49
2024-12-28 18:01:49, 48
2024-12-28 18:01:49, 48
2024-12-28 18:01:51, 49
2024-12-28 18:01:51, 49
2024-12-28 18:01:54, 48
2024-12-28 18:01:54, 48
2024-12-28 18:01:55, 49
2024-12-28 18:01:55, 49
2024-12-28 18:01:57, 48
2024-12-28 18:01:57, 48
2024-12-28 18:20:01, 45
2024-12-28 18:20:01, 45
2024-12-28 18:23:02, 44
2024-12-28 18:23:02, 44
2024-12-28 18:23:03, 45
2024-12-28 18:23:03, 45
2024-12-28 18:23:04, 44
2024-12-28 18:23:04, 44
2024-12-28 18:27:57, 43
2024-12-28 18:27:57, 43
2024-12-28 18:27:58, 44
2024-12-28 18:27:58, 44
2024-12-28 18:27:59, 43
2024-12-28 18:27:59, 43
2024-12-28 18:28:01, 44
2024-12-28 18:28:01, 44
2024-12-28 18:28:02, 43
2024-12-28 18:28:02, 43
2024-12-28 18:33:13, 42
2024-12-28 18:33:13, 42
2024-12-28 18:33:14, 43
2024-12-28 18:33:14, 43
2024-12-28 18:33:16, 42
2024-12-28 18:33:16, 42
2024-12-28 18:33:20, 43
2024-12-28 18:33:20, 43
2024-12-28 18:33:21, 42
2024-12-28 18:33:21, 42
2024-12-28 18:33:22, 43
2024-12-28 18:33:22, 43
2024-12-28 18:33:25, 42
2024-12-28 18:33:25, 42
2024-12-28 18:33:26, 43
2024-12-28 18:33:26, 43
2024-12-28 18:33:27, 42
2024-12-28 18:33:27, 42
2024-12-28 18:33:28, 43
2024-12-28 18:33:28, 43
2024-12-28 18:33:29, 42
2024-12-28 18:33:29, 42
2024-12-28 18:33:30, 43
2024-12-28 18:33:30, 43
2024-12-28 18:33:31, 42
2024-12-28 18:33:31, 42
2024-12-28 18:38:16, 41
2024-12-28 18:38:16, 41
2024-12-28 18:38:19, 42
2024-12-28 18:38:19, 42
2024-12-28 18:38:29, 41
2024-12-28 18:38:29, 41
2024-12-28 18:38:35, 42
2024-12-28 18:38:35, 42
2024-12-28 18:38:36, 41
2024-12-28 18:38:36, 41
2024-12-28 18:44:02, 40
2024-12-28 18:44:02, 40
2024-12-28 18:48:45, 39
2024-12-28 18:48:45, 39
2024-12-28 18:48:48, 40
2024-12-28 18:48:48, 40
2024-12-28 18:48:49, 39
2024-12-28 18:48:49, 39
2024-12-28 18:48:51, 40
2024-12-28 18:48:51, 40
2024-12-28 18:48:54, 39
2024-12-28 18:48:54, 39
2024-12-28 18:48:58, 40
2024-12-28 18:48:58, 40
2024-12-28 18:48:59, 39
2024-12-28 18:48:59, 39
2024-12-28 18:49:02, 40
2024-12-28 18:49:02, 40
2024-12-28 18:49:03, 39
2024-12-28 18:49:03, 39
2024-12-28 18:49:06, 40
2024-12-28 18:49:06, 40
2024-12-28 18:49:08, 39
2024-12-28 18:49:08, 39
2024-12-28 18:54:02, 38
2024-12-28 18:54:02, 38
2024-12-28 18:54:06, 39
2024-12-28 18:54:06, 39
2024-12-28 18:54:08, 38
2024-12-28 18:54:08, 38
2024-12-28 18:54:09, 39
2024-12-28 18:54:09, 39
2024-12-28 18:54:11, 38
2024-12-28 18:54:11, 38
2024-12-28 18:54:12, 39
2024-12-28 18:54:12, 39
2024-12-28 18:54:13, 38
2024-12-28 18:54:13, 38
2024-12-28 18:54:14, 39
2024-12-28 18:54:14, 39
2024-12-28 18:54:16, 38
2024-12-28 18:54:16, 38
2024-12-28 18:54:20, 39
2024-12-28 18:54:20, 39
2024-12-28 18:54:21, 38
2024-12-28 18:54:21, 38
2024-12-28 18:54:26, 39
2024-12-28 18:54:26, 39
2024-12-28 18:54:27, 38
2024-12-28 18:54:27, 38
2024-12-28 18:59:24, 37
2024-12-28 18:59:24, 37
2024-12-28 18:59:26, 38
2024-12-28 18:59:26, 38
2024-12-28 18:59:27, 37
2024-12-28 18:59:27, 37
2024-12-28 18:59:29, 38
2024-12-28 18:59:29, 38
2024-12-28 18:59:30, 37
2024-12-28 18:59:30, 37
2024-12-28 18:59:35, 38
2024-12-28 18:59:35, 38
2024-12-28 18:59:36, 37
2024-12-28 18:59:36, 37
2024-12-28 18:59:46, 38
2024-12-28 18:59:46, 38
2024-12-28 18:59:47, 37
2024-12-28 18:59:47, 37
2024-12-28 18:59:48, 38
2024-12-28 18:59:48, 38
2024-12-28 18:59:49, 37
2024-12-28 18:59:49, 37
2024-12-28 18:59:50, 38
2024-12-28 18:59:50, 38
2024-12-28 18:59:51, 37
2024-12-28 18:59:51, 37
2024-12-28 19:04:31, 36
2024-12-28 19:04:31, 36
2024-12-28 19:04:32, 37
2024-12-28 19:04:32, 37
2024-12-28 19:04:33, 36
2024-12-28 19:04:33, 36
2024-12-28 19:04:34, 37
2024-12-28 19:04:34, 37
2024-12-28 19:04:37, 36
2024-12-28 19:04:37, 36
2024-12-28 19:04:39, 37
2024-12-28 19:04:39, 37
2024-12-28 19:04:40, 36
2024-12-28 19:04:40, 36
2024-12-28 19:04:41, 37
2024-12-28 19:04:41, 37
2024-12-28 19:04:42, 36
2024-12-28 19:04:42, 36
2024-12-28 19:09:37, 35
2024-12-28 19:09:37, 35
2024-12-28 19:14:37, 34
2024-12-28 19:14:37, 34
2024-12-28 19:20:09, 33
2024-12-28 19:20:09, 33
2024-12-28 19:20:10, 34
2024-12-28 19:20:10, 34
2024-12-28 19:20:12, 33
2024-12-28 19:20:12, 33
2024-12-28 19:20:13, 34
2024-12-28 19:20:13, 34
2024-12-28 19:20:14, 33
2024-12-28 19:20:14, 33
2024-12-28 19:25:27, 34
2024-12-28 19:25:27, 34
2024-12-28 19:27:35, 33
2024-12-28 19:27:35, 33
2024-12-28 19:27:38, 34
2024-12-28 19:27:38, 34
2024-12-28 19:27:39, 33
2024-12-28 19:27:39, 33
2024-12-28 19:32:27, 32
2024-12-28 19:32:27, 32
2024-12-28 19:32:28, 33
2024-12-28 19:32:28, 33
2024-12-28 19:32:32, 32
2024-12-28 19:32:32, 32
2024-12-28 19:32:33, 33
2024-12-28 19:32:33, 33
2024-12-28 19:32:35, 32
2024-12-28 19:32:35, 32
2024-12-28 19:37:28, 31
2024-12-28 19:37:28, 31
2024-12-28 19:37:30, 32
2024-12-28 19:37:30, 32
2024-12-28 19:37:33, 31
2024-12-28 19:37:33, 31
2024-12-28 19:37:37, 32
2024-12-28 19:37:37, 32
2024-12-28 19:37:38, 31
2024-12-28 19:37:38, 31
2024-12-28 19:42:40, 30
2024-12-28 19:42:40, 30
2024-12-28 20:02:07, 36
2024-12-28 20:02:07, 36
2024-12-28 20:02:15, 37
2024-12-28 20:02:15, 37
2024-12-28 20:02:17, 36
2024-12-28 20:02:17, 36
2024-12-28 20:02:38, 37
2024-12-28 20:02:38, 37
2024-12-28 20:02:39, 36
2024-12-28 20:02:39, 36
2024-12-28 20:02:41, 37
2024-12-28 20:02:41, 37
2024-12-28 20:02:47, 36
2024-12-28 20:02:47, 36
2024-12-28 20:06:37, 35
2024-12-28 20:06:37, 35
2024-12-28 20:06:38, 36
2024-12-28 20:06:38, 36
2024-12-28 20:06:40, 35
2024-12-28 20:06:40, 35
2024-12-28 20:06:42, 36
2024-12-28 20:06:42, 36
2024-12-28 20:06:43, 35
2024-12-28 20:06:43, 35
2024-12-28 20:06:44, 36
2024-12-28 20:06:44, 36
2024-12-28 20:06:45, 35
2024-12-28 20:06:45, 35
2024-12-28 20:06:46, 36
2024-12-28 20:06:46, 36
2024-12-28 20:06:48, 35
2024-12-28 20:06:48, 35
2024-12-28 20:11:03, 36
2024-12-28 20:11:03, 36
2024-12-28 20:12:02, 35
2024-12-28 20:12:02, 35
2024-12-28 20:12:04, 36
2024-12-28 20:12:04, 36
2024-12-28 20:12:05, 35
2024-12-28 20:12:05, 35
2024-12-28 20:12:06, 36
2024-12-28 20:12:06, 36
2024-12-28 20:12:07, 35
2024-12-28 20:12:07, 35
2024-12-28 20:17:09, 34
2024-12-28 20:17:09, 34
2024-12-28 20:17:10, 35
2024-12-28 20:17:10, 35
2024-12-28 20:17:17, 34
2024-12-28 20:17:17, 34
2024-12-28 20:22:24, 33
2024-12-28 20:22:24, 33
2024-12-28 20:22:25, 34
2024-12-28 20:22:25, 34
2024-12-28 20:22:28, 33
2024-12-28 20:22:28, 33
2024-12-28 20:22:29, 34
2024-12-28 20:22:29, 34
2024-12-28 20:22:30, 33
2024-12-28 20:22:30, 33
2024-12-28 20:27:25, 32
2024-12-28 20:27:25, 32
2024-12-28 20:27:26, 33
2024-12-28 20:27:26, 33
2024-12-28 20:27:31, 32
2024-12-28 20:27:31, 32
2024-12-28 20:30:44, 33
2024-12-28 20:30:44, 33
2024-12-28 20:30:49, 34
2024-12-28 20:30:49, 34
2024-12-28 20:30:54, 35
2024-12-28 20:30:54, 35
2024-12-28 20:30:59, 36
2024-12-28 20:30:59, 36
2024-12-28 20:31:03, 37
2024-12-28 20:31:03, 37
2024-12-28 20:31:07, 38
2024-12-28 20:31:07, 38
2024-12-28 20:31:11, 39
2024-12-28 20:31:11, 39
2024-12-28 20:31:15, 40
2024-12-28 20:31:15, 40
2024-12-28 20:31:18, 41
2024-12-28 20:31:18, 41
2024-12-28 20:31:21, 42
2024-12-28 20:31:21, 42
2024-12-28 20:31:25, 43
2024-12-28 20:31:25, 43
2024-12-28 20:31:28, 44
2024-12-28 20:31:28, 44
2024-12-28 20:31:32, 45
2024-12-28 20:31:32, 45
2024-12-28 20:31:35, 46
2024-12-28 20:31:35, 46
2024-12-28 20:31:38, 47
2024-12-28 20:31:38, 47
2024-12-28 20:31:42, 48
2024-12-28 20:31:42, 48
2024-12-28 20:31:44, 49
2024-12-28 20:31:44, 49
2024-12-28 20:31:48, 50
2024-12-28 20:31:48, 50
2024-12-28 20:31:51, 51
2024-12-28 20:31:51, 51
2024-12-28 20:31:54, 52
2024-12-28 20:31:54, 52
2024-12-28 20:31:57, 53
2024-12-28 20:31:57, 53
2024-12-28 20:32:00, 54
2024-12-28 20:32:00, 54
2024-12-28 20:32:03, 55
2024-12-28 20:32:03, 55
2024-12-28 20:32:06, 56
2024-12-28 20:32:06, 56
2024-12-28 20:34:07, 55
2024-12-28 20:34:07, 55
2024-12-28 20:39:21, 54
2024-12-28 20:39:21, 54
2024-12-28 20:39:22, 55
2024-12-28 20:39:22, 55
2024-12-28 20:39:28, 54
2024-12-28 20:39:28, 54
2024-12-28 20:39:29, 55
2024-12-28 20:39:29, 55
2024-12-28 20:39:37, 54
2024-12-28 20:39:37, 54
2024-12-28 20:39:38, 55
2024-12-28 20:39:38, 55
2024-12-28 20:40:36, 54
2024-12-28 20:40:36, 54
2024-12-28 20:44:47, 53
2024-12-28 20:44:47, 53
2024-12-28 20:45:18, 54
2024-12-28 20:45:18, 54
2024-12-28 20:45:59, 53
2024-12-28 20:45:59, 53
2024-12-28 20:50:02, 52
2024-12-28 20:50:02, 52
2024-12-28 20:51:05, 53
2024-12-28 20:51:05, 53
2024-12-28 20:51:06, 52
2024-12-28 20:51:06, 52
2024-12-28 20:51:11, 53
2024-12-28 20:51:11, 53
2024-12-28 20:51:14, 52
2024-12-28 20:51:14, 52
2024-12-28 20:51:17, 53
2024-12-28 20:51:17, 53
2024-12-28 20:51:19, 52
2024-12-28 20:51:19, 52
2024-12-28 20:53:59, 51
2024-12-28 20:53:59, 51
2024-12-28 20:54:00, 52
2024-12-28 20:54:00, 52
2024-12-28 20:54:04, 51
2024-12-28 20:54:04, 51
2024-12-28 20:54:08, 52
2024-12-28 20:54:08, 52
2024-12-28 20:54:10, 51
2024-12-28 20:54:10, 51
2024-12-28 20:54:14, 52
2024-12-28 20:54:14, 52
2024-12-28 20:55:14, 51
2024-12-28 20:55:14, 51
2024-12-28 20:55:15, 52
2024-12-28 20:55:15, 52
2024-12-28 20:55:21, 51
2024-12-28 20:55:21, 51
2024-12-28 20:55:25, 52
2024-12-28 20:55:25, 52
2024-12-28 20:55:26, 51
2024-12-28 20:55:26, 51
2024-12-28 20:55:27, 52
2024-12-28 20:55:27, 52
2024-12-28 20:55:29, 51
2024-12-28 20:55:29, 51
2024-12-28 20:59:28, 50
2024-12-28 20:59:28, 50
2024-12-28 20:59:29, 51
2024-12-28 20:59:29, 51
2024-12-28 20:59:40, 50
2024-12-28 20:59:40, 50
2024-12-28 20:59:41, 51
2024-12-28 20:59:41, 51
2024-12-28 21:00:52, 50
2024-12-28 21:00:52, 50
2024-12-28 21:04:57, 49
2024-12-28 21:04:57, 49
2024-12-28 21:05:21, 50
2024-12-28 21:05:21, 50
2024-12-28 21:06:12, 49
2024-12-28 21:06:12, 49
2024-12-28 21:10:15, 48
2024-12-28 21:10:15, 48
2024-12-28 21:10:16, 49
2024-12-28 21:10:16, 49
2024-12-28 21:10:17, 48
2024-12-28 21:10:17, 48
2024-12-28 21:11:01, 49
2024-12-28 21:11:01, 49
2024-12-28 21:11:33, 48
2024-12-28 21:11:33, 48
2024-12-28 21:15:37, 47
2024-12-28 21:15:37, 47
2024-12-28 21:15:38, 48
2024-12-28 21:15:38, 48
2024-12-28 21:15:41, 47
2024-12-28 21:15:41, 47
2024-12-28 21:19:11, 48
2024-12-28 21:19:11, 48
2024-12-28 21:19:28, 47
2024-12-28 21:19:28, 47
2024-12-28 21:19:30, 48
2024-12-28 21:19:30, 48
2024-12-28 21:19:34, 47
2024-12-28 21:19:34, 47
2024-12-28 21:20:04, 48
2024-12-28 21:20:04, 48
2024-12-28 21:20:05, 47
2024-12-28 21:20:05, 47
2024-12-28 21:20:06, 48
2024-12-28 21:20:06, 48
2024-12-28 21:20:07, 47
2024-12-28 21:20:07, 47
2024-12-28 21:20:11, 48
2024-12-28 21:20:11, 48
2024-12-28 21:20:12, 47
2024-12-28 21:20:12, 47
2024-12-28 21:20:13, 48
2024-12-28 21:20:13, 48
2024-12-28 21:20:17, 47
2024-12-28 21:20:17, 47
2024-12-28 21:20:18, 48
2024-12-28 21:20:18, 48
2024-12-28 21:20:46, 47
2024-12-28 21:20:46, 47
2024-12-28 21:39:09, 44
2024-12-28 21:39:09, 44
2024-12-28 21:39:47, 43
2024-12-28 21:39:47, 43
2024-12-28 21:40:34, 44
2024-12-28 21:40:34, 44
2024-12-28 21:40:36, 43
2024-12-28 21:40:36, 43
2024-12-28 21:40:38, 44
2024-12-28 21:40:38, 44
2024-12-28 21:40:39, 43
2024-12-28 21:40:39, 43
2024-12-28 21:40:40, 44
2024-12-28 21:40:40, 44
2024-12-28 21:41:00, 43
2024-12-28 21:41:00, 43
2024-12-28 21:41:01, 44
2024-12-28 21:41:01, 44
2024-12-28 21:41:02, 43
2024-12-28 21:41:02, 43
2024-12-28 21:45:14, 42
2024-12-28 21:45:14, 42
2024-12-28 21:45:15, 43
2024-12-28 21:45:15, 43
2024-12-28 21:45:16, 42
2024-12-28 21:45:16, 42
2024-12-28 21:46:20, 43
2024-12-28 21:46:20, 43
2024-12-28 21:46:21, 42
2024-12-28 21:46:21, 42
2024-12-28 21:46:24, 43
2024-12-28 21:46:24, 43
2024-12-28 21:46:25, 42
2024-12-28 21:46:25, 42
2024-12-28 21:46:27, 43
2024-12-28 21:46:27, 43
2024-12-28 21:46:30, 42
2024-12-28 21:46:30, 42
2024-12-28 21:46:34, 43
2024-12-28 21:46:34, 43
2024-12-28 21:46:35, 42
2024-12-28 21:46:35, 42
2024-12-28 21:50:29, 41
2024-12-28 21:50:29, 41
2024-12-28 21:54:44, 40
2024-12-28 21:54:44, 40
2024-12-28 21:54:45, 41
2024-12-28 21:54:45, 41
2024-12-28 21:55:48, 40
2024-12-28 21:55:48, 40
2024-12-28 21:55:49, 41
2024-12-28 21:55:49, 41
2024-12-28 21:55:51, 40
2024-12-28 21:55:51, 40
2024-12-28 21:57:52, 41
2024-12-28 21:57:52, 41
2024-12-28 21:57:58, 42
2024-12-28 21:57:58, 42
2024-12-28 21:59:01, 43
2024-12-28 21:59:01, 43
2024-12-28 21:59:16, 42
2024-12-28 21:59:16, 42
2024-12-28 21:59:18, 43
2024-12-28 21:59:18, 43
2024-12-28 21:59:22, 42
2024-12-28 21:59:22, 42
2024-12-28 22:03:07, 43
2024-12-28 22:03:07, 43
2024-12-28 22:03:14, 44
2024-12-28 22:03:14, 44
2024-12-28 22:03:21, 45
2024-12-28 22:03:21, 45
2024-12-28 22:03:28, 46
2024-12-28 22:03:28, 46
2024-12-28 22:03:31, 45
2024-12-28 22:03:31, 45
2024-12-28 22:03:32, 46
2024-12-28 22:03:32, 46
2024-12-28 22:03:33, 45
2024-12-28 22:03:33, 45
2024-12-28 22:03:34, 46
2024-12-28 22:03:34, 46
2024-12-28 22:03:36, 45
2024-12-28 22:03:36, 45
2024-12-28 22:04:02, 46
2024-12-28 22:04:02, 46
2024-12-28 22:04:03, 45
2024-12-28 22:04:03, 45
2024-12-28 22:04:07, 46
2024-12-28 22:04:07, 46
2024-12-28 22:06:50, 45
2024-12-28 22:06:50, 45
2024-12-28 22:10:54, 44
2024-12-28 22:10:54, 44
2024-12-28 22:10:55, 45
2024-12-28 22:10:55, 45
2024-12-28 22:10:57, 44
2024-12-28 22:10:57, 44
2024-12-28 22:11:19, 45
2024-12-28 22:11:19, 45
2024-12-28 22:11:20, 44
2024-12-28 22:11:20, 44
2024-12-28 22:11:23, 45
2024-12-28 22:11:23, 45
2024-12-28 22:12:11, 44
2024-12-28 22:12:11, 44
2024-12-28 22:16:13, 43
2024-12-28 22:16:13, 43
2024-12-28 22:16:15, 44
2024-12-28 22:16:15, 44
2024-12-28 22:16:17, 43
2024-12-28 22:16:17, 43
2024-12-28 22:17:00, 44
2024-12-28 22:17:00, 44
2024-12-28 22:17:04, 43
2024-12-28 22:17:04, 43
2024-12-28 22:17:06, 44
2024-12-28 22:17:06, 44
2024-12-28 22:17:29, 43
2024-12-28 22:17:29, 43
2024-12-28 22:21:36, 42
2024-12-28 22:21:36, 42
2024-12-28 22:27:00, 41
2024-12-28 22:27:00, 41
2024-12-28 22:27:01, 42
2024-12-28 22:27:01, 42
2024-12-28 22:27:03, 41
2024-12-28 22:27:03, 41
2024-12-28 22:31:08, 40
2024-12-28 22:31:08, 40
2024-12-28 22:31:09, 41
2024-12-28 22:31:09, 41
2024-12-28 22:31:11, 40
2024-12-28 22:31:11, 40
2024-12-28 22:31:44, 41
2024-12-28 22:31:44, 41
2024-12-28 22:31:45, 40
2024-12-28 22:31:45, 40
2024-12-28 22:31:46, 41
2024-12-28 22:31:46, 41
2024-12-28 22:32:19, 40
2024-12-28 22:32:19, 40
2024-12-28 22:32:20, 41
2024-12-28 22:32:20, 41
2024-12-28 22:32:24, 40
2024-12-28 22:32:24, 40
2024-12-28 22:36:19, 39
2024-12-28 22:36:19, 39
2024-12-28 22:36:20, 40
2024-12-28 22:36:20, 40
2024-12-28 22:36:21, 39
2024-12-28 22:36:21, 39
2024-12-28 22:36:23, 40
2024-12-28 22:36:23, 40
2024-12-28 22:36:24, 39
2024-12-28 22:36:24, 39
2024-12-28 22:37:27, 40
2024-12-28 22:37:27, 40
2024-12-28 22:37:28, 39
2024-12-28 22:37:28, 39
2024-12-28 22:41:39, 38
2024-12-28 22:41:39, 38
2024-12-28 22:41:43, 39
2024-12-28 22:41:43, 39
2024-12-28 22:41:45, 38
2024-12-28 22:41:45, 38
2024-12-28 22:42:41, 39
2024-12-28 22:42:41, 39
2024-12-28 22:45:20, 38
2024-12-28 22:45:20, 38
2024-12-28 22:45:21, 39
2024-12-28 22:45:21, 39
2024-12-28 22:45:23, 38
2024-12-28 22:45:23, 38
2024-12-28 22:45:24, 39
2024-12-28 22:45:24, 39
2024-12-28 22:45:25, 38
2024-12-28 22:45:25, 38
2024-12-28 22:49:31, 37
2024-12-28 22:49:31, 37
2024-12-28 22:49:50, 38
2024-12-28 22:49:50, 38
2024-12-28 22:49:51, 37
2024-12-28 22:49:51, 37
2024-12-28 22:49:55, 38
2024-12-28 22:49:55, 38
2024-12-28 22:50:48, 37
2024-12-28 22:50:48, 37
2024-12-28 22:50:49, 38
2024-12-28 22:50:49, 38
2024-12-28 22:50:50, 37
2024-12-28 22:50:50, 37
2024-12-28 22:54:53, 36
2024-12-28 22:54:53, 36
2024-12-28 22:55:49, 37
2024-12-28 22:55:49, 37
2024-12-28 22:55:50, 36
2024-12-28 22:55:50, 36
2024-12-28 22:55:54, 37
2024-12-28 22:55:54, 37
2024-12-28 22:55:55, 36
2024-12-28 22:55:55, 36
2024-12-28 22:55:58, 37
2024-12-28 22:55:58, 37
2024-12-28 22:56:00, 36
2024-12-28 22:56:00, 36
2024-12-28 22:56:01, 37
2024-12-28 22:56:01, 37
2024-12-28 22:56:02, 36
2024-12-28 22:56:02, 36
2024-12-28 22:56:13, 37
2024-12-28 22:56:13, 37
2024-12-28 22:56:14, 36
2024-12-28 22:56:14, 36
2024-12-28 23:00:09, 35
2024-12-28 23:00:09, 35
2024-12-28 23:04:07, 34
2024-12-28 23:04:07, 34
2024-12-28 23:04:36, 35
2024-12-28 23:04:36, 35
2024-12-28 23:04:37, 34
2024-12-28 23:04:37, 34
2024-12-28 23:04:38, 35
2024-12-28 23:04:38, 35
2024-12-28 23:05:22, 34
2024-12-28 23:05:22, 34
2024-12-28 23:09:28, 33
2024-12-28 23:09:28, 33
2024-12-28 23:09:29, 34
2024-12-28 23:09:29, 34
2024-12-28 23:09:30, 33
2024-12-28 23:09:30, 33
2024-12-28 23:16:15, 32
2024-12-28 23:16:15, 32
2024-12-28 23:18:47, 31
2024-12-28 23:18:47, 31
2024-12-28 23:18:48, 32
2024-12-28 23:18:48, 32
2024-12-28 23:18:49, 31
2024-12-28 23:18:49, 31
2024-12-28 23:19:09, 32
2024-12-28 23:19:09, 32
2024-12-28 23:20:02, 31
2024-12-28 23:20:02, 31
2024-12-28 23:24:15, 30
2024-12-28 23:24:15, 30
2024-12-28 23:24:54, 31
2024-12-28 23:24:54, 31
2024-12-28 23:25:27, 30
2024-12-28 23:25:27, 30
2024-12-28 23:29:30, 29
2024-12-28 23:29:30, 29
2024-12-28 23:30:39, 30
2024-12-28 23:30:39, 30
2024-12-28 23:30:41, 29
2024-12-28 23:30:41, 29
2024-12-28 23:30:42, 30
2024-12-28 23:30:42, 30
2024-12-28 23:30:43, 29
2024-12-28 23:30:43, 29
2024-12-28 23:30:45, 30
2024-12-28 23:30:45, 30
2024-12-28 23:30:47, 29
2024-12-28 23:30:47, 29
2024-12-28 23:30:49, 30
2024-12-28 23:30:49, 30
2024-12-28 23:30:50, 29
2024-12-28 23:30:50, 29
2024-12-28 23:34:53, 28
2024-12-28 23:34:53, 28
2024-12-28 23:34:54, 29
2024-12-28 23:34:54, 29
2024-12-28 23:34:57, 28
2024-12-28 23:34:57, 28
2024-12-28 23:39:00, 27
2024-12-28 23:39:00, 27
2024-12-28 23:39:30, 28
2024-12-28 23:39:30, 28
2024-12-28 23:40:07, 27
2024-12-28 23:40:07, 27
2024-12-28 23:44:13, 26
2024-12-28 23:44:13, 26
2024-12-28 23:49:36, 25
2024-12-28 23:49:36, 25
2024-12-28 23:53:57, 24
2024-12-28 23:53:57, 24
2024-12-28 23:53:58, 25
2024-12-28 23:53:58, 25
2024-12-28 23:54:57, 24
2024-12-28 23:54:57, 24
2024-12-28 23:58:54, 23
2024-12-28 23:58:54, 23
2024-12-28 23:59:38, 24
2024-12-28 23:59:38, 24
2024-12-29 00:00:12, 23
2024-12-29 00:00:12, 23
2024-12-29 00:04:13, 22
2024-12-29 00:04:13, 22
2024-12-29 00:09:41, 21
2024-12-29 00:09:41, 21
2024-12-29 00:13:43, 20
2024-12-29 00:13:43, 20
2024-12-29 00:14:19, 21
2024-12-29 00:14:19, 21
2024-12-29 00:14:55, 20
2024-12-29 00:14:55, 20
2024-12-29 00:14:56, 21
2024-12-29 00:14:56, 21
2024-12-29 00:14:57, 20
2024-12-29 00:14:57, 20
2024-12-29 00:19:03, 19
2024-12-29 00:19:03, 19
2024-12-29 00:23:07, 18
2024-12-29 00:23:07, 18
2024-12-29 00:23:09, 19
2024-12-29 00:23:09, 19
2024-12-29 00:23:10, 18
2024-12-29 00:23:10, 18
2024-12-29 00:23:33, 19
2024-12-29 00:23:33, 19
2024-12-29 00:24:17, 18
2024-12-29 00:24:17, 18
2024-12-29 00:31:57, 17
2024-12-29 00:31:57, 17
2024-12-29 00:33:47, 16
2024-12-29 00:33:47, 16
2024-12-29 00:37:53, 15
2024-12-29 00:37:53, 15
2024-12-29 00:37:58, 16
2024-12-29 00:37:58, 16
2024-12-29 00:37:59, 15
2024-12-29 00:37:59, 15
2024-12-29 00:38:24, 16
2024-12-29 00:38:24, 16
2024-12-29 00:39:01, 15
2024-12-29 00:39:01, 15
2024-12-29 00:43:03, 14
2024-12-29 00:43:03, 14
2024-12-29 00:43:04, 15
2024-12-29 00:43:04, 15
2024-12-29 00:43:07, 14
2024-12-29 00:43:07, 14
2024-12-29 00:44:04, 15
2024-12-29 00:44:04, 15
2024-12-29 00:44:06, 14
2024-12-29 00:44:06, 14
2024-12-29 00:44:13, 15
2024-12-29 00:44:13, 15
2024-12-29 00:44:14, 14
2024-12-29 00:44:14, 14
2024-12-29 00:44:20, 15
2024-12-29 00:44:20, 15
2024-12-29 00:44:21, 14
2024-12-29 00:44:21, 14
2024-12-29 00:53:07, 13
2024-12-29 00:53:07, 13
2024-12-29 00:53:51, 12
2024-12-29 00:53:51, 12
2024-12-29 00:58:00, 11
2024-12-29 00:58:00, 11
2024-12-29 01:02:44, 12
2024-12-29 01:02:44, 12
2024-12-29 01:03:37, 11
2024-12-29 01:03:37, 11
2024-12-29 01:04:14, 12
2024-12-29 01:04:14, 12
2024-12-29 01:04:51, 11
2024-12-29 01:04:51, 11
2024-12-29 01:04:52, 12
2024-12-29 01:04:52, 12
2024-12-29 01:04:53, 11
2024-12-29 01:04:53, 11
2024-12-29 01:08:49, 10
2024-12-29 01:08:49, 10
2024-12-29 01:09:51, 11
2024-12-29 01:09:51, 11
2024-12-29 01:09:52, 10
2024-12-29 01:09:52, 10
2024-12-29 01:09:53, 11
2024-12-29 01:09:53, 11
2024-12-29 01:09:55, 10
2024-12-29 01:09:55, 10
2024-12-29 01:09:56, 11
2024-12-29 01:09:56, 11
2024-12-29 01:09:58, 10
2024-12-29 01:09:58, 10
2024-12-29 01:10:00, 11
2024-12-29 01:10:00, 11
2024-12-29 01:10:01, 10
2024-12-29 01:10:01, 10
2024-12-29 01:10:02, 11
2024-12-29 01:10:02, 11
2024-12-29 01:10:04, 10
2024-12-29 01:10:04, 10
2024-12-29 01:10:05, 11
2024-12-29 01:10:05, 11
2024-12-29 01:10:06, 10
2024-12-29 01:10:06, 10
2024-12-29 01:14:11, 9
2024-12-29 01:14:11, 9
2024-12-29 01:18:15, 8
2024-12-29 01:18:15, 8
2024-12-29 01:18:39, 9
2024-12-29 01:18:39, 9
2024-12-29 01:18:40, 8
2024-12-29 01:18:40, 8
2024-12-29 01:18:42, 9
2024-12-29 01:18:42, 9
2024-12-29 01:18:43, 8
2024-12-29 01:18:43, 8
2024-12-29 01:18:44, 9
2024-12-29 01:18:44, 9
2024-12-29 01:19:29, 8
2024-12-29 01:19:29, 8
2024-12-29 01:19:30, 9
2024-12-29 01:19:30, 9
2024-12-29 01:19:33, 8
2024-12-29 01:19:33, 8
2024-12-29 01:21:23, 9
2024-12-29 01:21:23, 9
2024-12-29 01:21:29, 10
2024-12-29 01:21:29, 10
2024-12-29 01:21:35, 11
2024-12-29 01:21:35, 11
2024-12-29 01:22:57, 12
2024-12-29 01:22:57, 12
2024-12-29 01:23:06, 11
2024-12-29 01:23:06, 11
2024-12-29 01:23:07, 12
2024-12-29 01:23:07, 12
2024-12-29 01:23:08, 11
2024-12-29 01:23:08, 11
2024-12-29 01:27:10, 10
2024-12-29 01:27:10, 10
2024-12-29 01:31:15, 9
2024-12-29 01:31:15, 9
2024-12-29 01:31:29, 10
2024-12-29 01:31:29, 10
2024-12-29 01:31:30, 9
2024-12-29 01:31:30, 9
2024-12-29 01:31:34, 10
2024-12-29 01:31:34, 10
2024-12-29 01:32:31, 9
2024-12-29 01:32:31, 9
2024-12-29 01:36:42, 8
2024-12-29 01:36:42, 8
2024-12-29 01:37:27, 9
2024-12-29 01:37:27, 9
2024-12-29 01:37:47, 8
2024-12-29 01:37:47, 8
2024-12-29 01:37:51, 9
2024-12-29 01:37:51, 9
2024-12-29 01:37:52, 8
2024-12-29 01:37:52, 8
2024-12-29 01:41:54, 7
2024-12-29 01:41:54, 7
2024-12-29 01:54:57, 5
2024-12-29 01:54:57, 5
2024-12-29 01:55:15, 6
2024-12-29 01:55:15, 6
2024-12-29 01:55:48, 7
2024-12-29 01:55:48, 7
2024-12-29 01:57:27, 8
2024-12-29 01:57:27, 8
2024-12-29 03:03:40, 9
2024-12-29 03:03:40, 9
2024-12-29 03:03:46, 10
2024-12-29 03:03:46, 10
2024-12-29 05:25:29, 11
2024-12-29 05:25:29, 11
2024-12-29 05:25:35, 12
2024-12-29 05:25:35, 12
2024-12-29 05:25:41, 13
2024-12-29 05:25:41, 13
2024-12-29 05:54:41, 18
2024-12-29 05:54:41, 18
2024-12-29 07:06:44, 19
2024-12-29 07:06:44, 19
2024-12-29 07:57:09, 20
2024-12-29 07:57:09, 20
2024-12-29 07:57:15, 21
2024-12-29 07:57:15, 21
2024-12-29 07:57:22, 22
2024-12-29 07:57:22, 22
2024-12-29 08:47:43, 23
2024-12-29 08:47:43, 23
2024-12-29 09:07:37, 24
2024-12-29 09:07:37, 24
2024-12-29 09:07:43, 25
2024-12-29 09:07:43, 25
2024-12-29 09:07:49, 26
2024-12-29 09:07:49, 26
2024-12-29 09:08:01, 27
2024-12-29 09:08:01, 27
2024-12-29 09:08:02, 26
2024-12-29 09:08:02, 26
2024-12-29 09:08:03, 27
2024-12-29 09:08:03, 27
2024-12-29 10:10:19, 28
2024-12-29 10:10:19, 28
2024-12-29 10:10:25, 29
2024-12-29 10:10:25, 29
2024-12-29 10:10:32, 30
2024-12-29 10:10:32, 30
2024-12-29 10:32:34, 31
2024-12-29 10:32:34, 31
2024-12-29 10:32:40, 32
2024-12-29 10:32:40, 32
2024-12-29 10:32:46, 33
2024-12-29 10:32:46, 33
2024-12-29 10:32:53, 34
2024-12-29 10:32:53, 34
2024-12-29 10:36:30, 35
2024-12-29 10:36:30, 35
2024-12-29 10:36:36, 36
2024-12-29 10:36:36, 36
2024-12-29 12:44:48, 37
2024-12-29 12:44:48, 37
2024-12-29 13:08:47, 38
2024-12-29 13:08:47, 38
2024-12-29 13:08:52, 39
2024-12-29 13:08:52, 39
2024-12-29 13:08:59, 40
2024-12-29 13:08:59, 40
2024-12-29 13:09:05, 41
2024-12-29 13:09:05, 41
2024-12-29 13:24:51, 43
2024-12-29 13:24:51, 43
2024-12-29 14:48:36, 44
2024-12-29 14:48:36, 44
